step,lang_loss,tri_loss,sub_loss,lr,entropy,dead_bits,elapsed_s
1,8.3544,0.0000,0.000000,0.000001,0.7593,5,1
51,7.0170,0.0000,0.000000,0.000031,0.2481,46,9
101,5.7089,0.0000,0.000000,0.000061,0.5910,12,18
151,5.0023,0.0000,0.000000,0.000091,0.7878,1,26
201,4.4668,0.0000,0.000000,0.000121,0.8705,0,35
251,4.1877,0.0000,0.000000,0.000151,0.8813,0,43
301,4.0251,0.0000,0.000000,0.000181,0.9133,0,52
351,3.8506,0.0000,0.000000,0.000211,0.9270,0,61
401,3.6948,0.0000,0.000000,0.000241,0.9268,0,69
451,3.6383,0.0000,0.000000,0.000271,0.9422,0,78
501,3.5108,0.0000,0.000000,0.000300,0.9550,0,86
551,3.4132,0.0000,0.000000,0.000300,0.9538,0,95
601,3.2604,0.0000,0.000000,0.000300,0.9487,0,103
651,3.1070,0.0000,0.000000,0.000300,0.9513,0,112
701,3.0352,0.0000,0.000000,0.000300,0.9603,0,120
751,3.0457,0.0000,0.000000,0.000300,0.9604,0,129
801,2.9131,0.0000,0.000000,0.000300,0.9639,0,137
851,2.9132,0.0000,0.000000,0.000300,0.9635,0,146
901,2.7384,0.0000,0.000000,0.000300,0.9631,0,155
951,2.7707,0.0000,0.000000,0.000300,0.9640,0,163
1001,2.7100,0.0000,0.000000,0.000300,0.9675,0,172
1051,2.5578,0.0000,0.000000,0.000300,0.9673,0,180
1101,2.6581,0.0000,0.000000,0.000300,0.9700,0,189
1151,2.5351,0.0000,0.000000,0.000300,0.9651,0,197
1201,2.5013,0.0000,0.000000,0.000300,0.9697,0,206
1251,2.4315,0.0000,0.000000,0.000300,0.9724,0,215
1301,2.4551,0.0000,0.000000,0.000300,0.9700,0,223
1351,2.4003,0.0000,0.000000,0.000300,0.9719,0,232
1401,2.3274,0.0000,0.000000,0.000300,0.9695,0,240
1451,2.3011,0.0000,0.000000,0.000300,0.9697,0,249
1501,2.2211,0.0000,0.000000,0.000300,0.9729,0,257
1551,2.2588,0.0000,0.000000,0.000300,0.9712,0,266
1601,2.2207,0.0000,0.000000,0.000300,0.9742,0,274
1651,2.3121,0.0000,0.000000,0.000300,0.9757,0,283
1701,2.2934,0.0000,0.000000,0.000300,0.9733,0,292
1751,2.2668,0.0000,0.000000,0.000300,0.9709,0,300
1801,2.2162,0.0000,0.000000,0.000299,0.9724,0,309
1851,2.2365,0.0000,0.000000,0.000299,0.9705,0,317
1901,2.1583,0.0000,0.000000,0.000299,0.9735,0,326
1951,2.0779,0.0000,0.000000,0.000299,0.9733,0,334
2001,2.1923,0.0000,0.000000,0.000299,0.9715,0,343
2051,2.2190,0.0000,0.000000,0.000299,0.9729,0,352
2101,2.1565,0.0000,0.000000,0.000299,0.9715,0,360
2151,2.1401,0.0000,0.000000,0.000299,0.9775,0,369
2201,2.0955,0.0000,0.000000,0.000299,0.9759,0,377
2251,2.0920,0.0000,0.000000,0.000299,0.9729,0,386
2301,2.0716,0.0000,0.000000,0.000299,0.9725,0,394
2351,2.0790,0.0000,0.000000,0.000299,0.9741,0,403
2401,2.1157,0.0000,0.000000,0.000299,0.9690,0,411
2451,2.0310,0.0000,0.000000,0.000299,0.9705,0,420
2501,1.9734,0.0000,0.000000,0.000299,0.9750,0,429
2551,2.0001,0.0000,0.000000,0.000299,0.9720,0,437
2601,2.0152,0.0000,0.000000,0.000299,0.9763,0,446
2651,2.0123,0.0000,0.000000,0.000299,0.9765,0,454
2701,1.9896,0.0000,0.000000,0.000299,0.9742,0,463
2751,1.9778,0.0000,0.000000,0.000298,0.9707,0,471
2801,1.9888,0.0000,0.000000,0.000298,0.9740,0,480
2851,1.9687,0.0000,0.000000,0.000298,0.9750,0,488
2901,1.9058,0.0000,0.000000,0.000298,0.9735,0,497
2951,1.9331,0.0000,0.000000,0.000298,0.9740,0,506
3001,1.8558,0.0000,0.000000,0.000298,0.9737,0,514
3051,1.8904,0.0000,0.000000,0.000298,0.9773,0,523
3101,1.9145,0.0000,0.000000,0.000298,0.9738,0,531
3151,1.9201,0.0000,0.000000,0.000298,0.9753,0,540
3201,1.8788,0.0000,0.000000,0.000298,0.9778,0,548
3251,1.9135,0.0000,0.000000,0.000298,0.9793,0,557
3301,1.9176,0.0000,0.000000,0.000298,0.9780,0,566
3351,1.8260,0.0000,0.000000,0.000298,0.9746,0,574
3401,1.8463,0.0000,0.000000,0.000297,0.9786,0,583
3451,1.8650,0.0000,0.000000,0.000297,0.9745,0,591
3501,1.8680,0.0000,0.000000,0.000297,0.9758,0,600
3551,1.9246,0.0000,0.000000,0.000297,0.9768,0,608
3601,1.8597,0.0000,0.000000,0.000297,0.9757,0,617
3651,1.7619,0.0000,0.000000,0.000297,0.9804,0,625
3701,1.8317,0.0000,0.000000,0.000297,0.9792,0,634
3751,1.8338,0.0000,0.000000,0.000297,0.9761,0,643
3801,1.8176,0.0000,0.000000,0.000297,0.9780,0,651
3851,1.8306,0.0000,0.000000,0.000297,0.9779,0,660
3901,1.8560,0.0000,0.000000,0.000297,0.9730,0,668
3951,1.8057,0.0000,0.000000,0.000296,0.9749,0,677
4001,1.8192,0.0000,0.000000,0.000296,0.9771,0,685
4051,1.8023,0.0000,0.000000,0.000296,0.9749,0,694
4101,1.8297,0.0000,0.000000,0.000296,0.9778,0,702
4151,1.7580,0.0000,0.000000,0.000296,0.9769,0,711
4201,1.7234,0.0000,0.000000,0.000296,0.9767,0,720
4251,1.7346,0.0000,0.000000,0.000296,0.9775,0,728
4301,1.7958,0.0000,0.000000,0.000296,0.9780,0,737
4351,1.7700,0.0000,0.000000,0.000296,0.9785,0,745
4401,1.7412,0.0000,0.000000,0.000295,0.9768,0,754
4451,1.6918,0.0000,0.000000,0.000295,0.9750,0,762
4501,1.7384,0.0000,0.000000,0.000295,0.9778,0,771
4551,1.6925,0.0000,0.000000,0.000295,0.9774,0,780
4601,1.7704,0.0000,0.000000,0.000295,0.9805,0,788
4651,1.6739,0.0000,0.000000,0.000295,0.9777,0,797
4701,1.6811,0.0000,0.000000,0.000295,0.9782,0,805
4751,1.7478,0.0000,0.000000,0.000295,0.9778,0,814
4801,1.7411,0.0000,0.000000,0.000294,0.9809,0,822
4851,1.6774,0.0000,0.000000,0.000294,0.9793,0,831
4901,1.6531,0.0000,0.000000,0.000294,0.9789,0,839
4951,1.7246,0.0000,0.000000,0.000294,0.9779,0,848
5001,1.6782,0.0000,0.000000,0.000294,0.9786,0,857
5051,1.6624,0.0000,0.000000,0.000294,0.9791,0,865
5101,1.7475,0.0000,0.000000,0.000294,0.9784,0,874
5151,1.7815,0.0000,0.000000,0.000294,0.9772,0,882
5201,1.6750,0.0000,0.000000,0.000293,0.9762,0,891
5251,1.7161,0.0000,0.000000,0.000293,0.9785,0,899
5301,1.6373,0.0000,0.000000,0.000293,0.9795,0,908
5351,1.6853,0.0000,0.000000,0.000293,0.9783,0,917
5401,1.6980,0.0000,0.000000,0.000293,0.9769,0,925
5451,1.6463,0.0000,0.000000,0.000293,0.9784,0,934
5501,1.6654,0.0000,0.000000,0.000293,0.9820,0,942
5551,1.6390,0.0000,0.000000,0.000292,0.9812,0,951
5601,1.6876,0.0000,0.000000,0.000292,0.9780,0,959
5651,1.5823,0.0000,0.000000,0.000292,0.9794,0,968
5701,1.6120,0.0000,0.000000,0.000292,0.9789,0,976
5751,1.6343,0.0000,0.000000,0.000292,0.9779,0,985
5801,1.6769,0.0000,0.000000,0.000292,0.9744,0,994
5851,1.6201,0.0000,0.000000,0.000291,0.9811,0,1002
5901,1.6480,0.0000,0.000000,0.000291,0.9780,0,1011
5951,1.5564,0.0000,0.000000,0.000291,0.9817,0,1019
6001,1.6381,0.0000,0.000000,0.000291,0.9797,0,1028
6051,1.6627,0.0000,0.000000,0.000291,0.9788,0,1036
6101,1.6071,0.0000,0.000000,0.000291,0.9791,0,1045
6151,1.6629,0.0000,0.000000,0.000290,0.9786,0,1053
6201,1.6027,0.0000,0.000000,0.000290,0.9800,0,1062
6251,1.6328,0.0000,0.000000,0.000290,0.9765,0,1071
6301,1.6234,0.0000,0.000000,0.000290,0.9795,0,1079
6351,1.5851,0.0000,0.000000,0.000290,0.9800,0,1088
6401,1.6361,0.0000,0.000000,0.000290,0.9806,0,1096
6451,1.6414,0.0000,0.000000,0.000289,0.9793,0,1105
6501,1.5605,0.0000,0.000000,0.000289,0.9801,0,1113
6551,1.6147,0.0000,0.000000,0.000289,0.9782,0,1122
6601,1.5694,0.0000,0.000000,0.000289,0.9808,0,1131
6651,1.5323,0.0000,0.000000,0.000289,0.9791,0,1139
6701,1.5821,0.0000,0.000000,0.000289,0.9811,0,1148
6751,1.6161,0.0000,0.000000,0.000288,0.9804,0,1156
6801,1.5565,0.0000,0.000000,0.000288,0.9794,0,1165
6851,1.6070,0.0000,0.000000,0.000288,0.9783,0,1173
6901,1.5939,0.0000,0.000000,0.000288,0.9807,0,1182
6951,1.5804,0.0000,0.000000,0.000288,0.9789,0,1190
7001,1.5888,0.0000,0.000000,0.000287,0.9814,0,1199
7051,1.6063,0.0000,0.000000,0.000287,0.9807,0,1208
7101,1.5160,0.0000,0.000000,0.000287,0.9795,0,1216
7151,1.5665,0.0000,0.000000,0.000287,0.9759,0,1225
7201,1.6126,0.0000,0.000000,0.000287,0.9818,0,1233
7251,1.5345,0.0000,0.000000,0.000286,0.9815,0,1242
7301,1.5656,0.0000,0.000000,0.000286,0.9801,0,1250
7351,1.5302,0.0000,0.000000,0.000286,0.9806,0,1259
7401,1.5026,0.0000,0.000000,0.000286,0.9802,0,1267
7451,1.5951,0.0000,0.000000,0.000286,0.9778,0,1276
7501,1.5320,0.0000,0.000000,0.000285,0.9791,0,1285
7551,1.5744,0.0000,0.000000,0.000285,0.9805,0,1293
7601,1.5398,0.0000,0.000000,0.000285,0.9803,0,1302
7651,1.4996,0.0000,0.000000,0.000285,0.9784,0,1310
7701,1.5392,0.0000,0.000000,0.000285,0.9803,0,1319
7751,1.5606,0.0000,0.000000,0.000284,0.9812,0,1327
7801,1.4993,0.0000,0.000000,0.000284,0.9789,0,1336
7851,1.5613,0.0000,0.000000,0.000284,0.9826,0,1345
7901,1.5348,0.0000,0.000000,0.000284,0.9825,0,1353
7951,1.4953,0.0000,0.000000,0.000284,0.9810,0,1362
8001,1.4810,0.0000,0.000000,0.000283,0.9791,0,1370
8051,1.5087,0.0000,0.000000,0.000283,0.9768,0,1379
8101,1.4338,0.0000,0.000000,0.000283,0.9798,0,1387
8151,1.5124,0.0000,0.000000,0.000283,0.9798,0,1396
8201,1.5337,0.0000,0.000000,0.000282,0.9796,0,1404
8251,1.4821,0.0000,0.000000,0.000282,0.9783,0,1413
8301,1.5098,0.0000,0.000000,0.000282,0.9786,0,1422
8351,1.4962,0.0000,0.000000,0.000282,0.9784,0,1430
8401,1.4403,0.0000,0.000000,0.000282,0.9802,0,1439
8451,1.4609,0.0000,0.000000,0.000281,0.9796,0,1447
8501,1.4440,0.0000,0.000000,0.000281,0.9789,0,1456
8551,1.4665,0.0000,0.000000,0.000281,0.9784,0,1464
8601,1.5047,0.0000,0.000000,0.000281,0.9789,0,1473
8651,1.4842,0.0000,0.000000,0.000280,0.9811,0,1481
8701,1.5056,0.0000,0.000000,0.000280,0.9810,0,1490
8751,1.4697,0.0000,0.000000,0.000280,0.9781,0,1499
8801,1.4414,0.0000,0.000000,0.000280,0.9774,0,1507
8851,1.5427,0.0000,0.000000,0.000279,0.9799,0,1516
8901,1.4851,0.0000,0.000000,0.000279,0.9804,0,1524
8951,1.4783,0.0000,0.000000,0.000279,0.9797,0,1533
9001,1.5057,0.0000,0.000000,0.000279,0.9799,0,1541
9051,1.4426,0.0000,0.000000,0.000278,0.9774,0,1550
9101,1.4834,0.0000,0.000000,0.000278,0.9786,0,1559
9151,1.4543,0.0000,0.000000,0.000278,0.9803,0,1567
9201,1.4703,0.0000,0.000000,0.000278,0.9811,0,1576
9251,1.4682,0.0000,0.000000,0.000277,0.9790,0,1584
9301,1.5014,0.0000,0.000000,0.000277,0.9774,0,1593
9351,1.4468,0.0000,0.000000,0.000277,0.9812,0,1601
9401,1.4278,0.0000,0.000000,0.000277,0.9809,0,1610
9451,1.3835,0.0000,0.000000,0.000276,0.9814,0,1618
9501,1.4672,0.0000,0.000000,0.000276,0.9794,0,1627
9551,1.4515,0.0000,0.000000,0.000276,0.9829,0,1636
9601,1.4373,0.0000,0.000000,0.000276,0.9812,0,1644
9651,1.4250,0.0000,0.000000,0.000275,0.9807,0,1653
9701,1.4872,0.0000,0.000000,0.000275,0.9812,0,1661
9751,1.4835,0.0000,0.000000,0.000275,0.9812,0,1670
9801,1.4444,0.0000,0.000000,0.000275,0.9793,0,1678
9851,1.4481,0.0000,0.000000,0.000274,0.9804,0,1687
9901,1.4122,0.0000,0.000000,0.000274,0.9802,0,1696
9951,1.5424,0.0000,0.000000,0.000274,0.9786,0,1704
10001,1.4723,0.0000,0.000000,0.000274,0.9825,0,1713
10051,1.4365,0.0000,0.000000,0.000273,0.9789,0,1721
10101,1.4785,0.0000,0.000000,0.000273,0.9806,0,1730
10151,1.4200,0.0000,0.000000,0.000273,0.9810,0,1738
10201,1.4328,0.0000,0.000000,0.000272,0.9808,0,1747
10251,1.3744,0.0000,0.000000,0.000272,0.9823,0,1755
10301,1.4323,0.0000,0.000000,0.000272,0.9799,0,1764
10351,1.3940,0.0000,0.000000,0.000272,0.9799,0,1773
10401,1.4426,0.0000,0.000000,0.000271,0.9785,0,1781
10451,1.3889,0.0000,0.000000,0.000271,0.9811,0,1790
10501,1.4285,0.0000,0.000000,0.000271,0.9801,0,1798
10551,1.3909,0.0000,0.000000,0.000271,0.9800,0,1807
10601,1.3482,0.0000,0.000000,0.000270,0.9807,0,1815
10651,1.4301,0.0000,0.000000,0.000270,0.9810,0,1824
10701,1.3513,0.0000,0.000000,0.000270,0.9816,0,1832
10751,1.3375,0.0000,0.000000,0.000269,0.9826,0,1841
10801,1.4082,0.0000,0.000000,0.000269,0.9809,0,1850
10851,1.3796,0.0000,0.000000,0.000269,0.9832,0,1858
10901,1.3986,0.0000,0.000000,0.000268,0.9827,0,1867
10951,1.3542,0.0000,0.000000,0.000268,0.9810,0,1875
11001,1.3936,0.0000,0.000000,0.000268,0.9819,0,1884
11051,1.4303,0.0000,0.000000,0.000268,0.9818,0,1892
11101,1.4412,0.0000,0.000000,0.000267,0.9806,0,1901
11151,1.3997,0.0000,0.000000,0.000267,0.9813,0,1910
11201,1.4190,0.0000,0.000000,0.000267,0.9804,0,1918
11251,1.3974,0.0000,0.000000,0.000266,0.9815,0,1927
11301,1.3826,0.0000,0.000000,0.000266,0.9816,0,1935
11351,1.3560,0.0000,0.000000,0.000266,0.9799,0,1944
11401,1.3748,0.0000,0.000000,0.000266,0.9827,0,1952
11451,1.3608,0.0000,0.000000,0.000265,0.9799,0,1961
11501,1.3854,0.0000,0.000000,0.000265,0.9828,0,1969
11551,1.3484,0.0000,0.000000,0.000265,0.9815,0,1978
11601,1.3398,0.0000,0.000000,0.000264,0.9821,0,1987
11651,1.4611,0.0000,0.000000,0.000264,0.9788,0,1995
11701,1.3644,0.0000,0.000000,0.000264,0.9819,0,2004
11751,1.3524,0.0000,0.000000,0.000263,0.9823,0,2012
11801,1.3504,0.0000,0.000000,0.000263,0.9799,0,2021
11851,1.3658,0.0000,0.000000,0.000263,0.9801,0,2029
11901,1.3418,0.0000,0.000000,0.000262,0.9803,0,2038
11951,1.3750,0.0000,0.000000,0.000262,0.9809,0,2046
12001,1.3424,0.0000,0.000000,0.000262,0.9786,0,2055
12051,1.2820,0.0000,0.000000,0.000261,0.9803,0,2064
12101,1.3507,0.0000,0.000000,0.000261,0.9811,0,2072
12151,1.2476,0.0000,0.000000,0.000261,0.9806,0,2081
12201,1.3468,0.0000,0.000000,0.000261,0.9798,0,2089
12251,1.3422,0.0000,0.000000,0.000260,0.9791,0,2098
12301,1.3638,0.0000,0.000000,0.000260,0.9826,0,2106
12351,1.3859,0.0000,0.000000,0.000260,0.9815,0,2115
12401,1.3157,0.0000,0.000000,0.000259,0.9795,0,2124
12451,1.3395,0.0000,0.000000,0.000259,0.9790,0,2132
12501,1.3129,0.0000,0.000000,0.000259,0.9825,0,2141
12551,1.2912,0.0000,0.000000,0.000258,0.9799,0,2149
12601,1.3164,0.0000,0.000000,0.000258,0.9808,0,2158
12651,1.2999,0.0000,0.000000,0.000258,0.9802,0,2166
12701,1.3259,0.0000,0.000000,0.000257,0.9803,0,2175
12751,1.3628,0.0000,0.000000,0.000257,0.9821,0,2183
12801,1.3181,0.0000,0.000000,0.000257,0.9801,0,2192
12851,1.1966,0.0000,0.000000,0.000256,0.9811,0,2201
12901,1.2502,0.0000,0.000000,0.000256,0.9801,0,2209
12951,1.2750,0.0000,0.000000,0.000256,0.9820,0,2218
13001,1.3264,0.0000,0.000000,0.000255,0.9820,0,2226
13051,1.3205,0.0000,0.000000,0.000255,0.9838,0,2235
13101,1.2684,0.0000,0.000000,0.000255,0.9804,0,2243
13151,1.3033,0.0000,0.000000,0.000254,0.9819,0,2252
13201,1.2428,0.0000,0.000000,0.000254,0.9818,0,2261
13251,1.2724,0.0000,0.000000,0.000254,0.9813,0,2269
13301,1.3531,0.0000,0.000000,0.000253,0.9815,0,2278
13351,1.3442,0.0000,0.000000,0.000253,0.9812,0,2286
13401,1.3128,0.0000,0.000000,0.000252,0.9815,0,2295
13451,1.2757,0.0000,0.000000,0.000252,0.9814,0,2303
13501,1.2336,0.0000,0.000000,0.000252,0.9818,0,2312
13551,1.2979,0.0000,0.000000,0.000251,0.9813,0,2320
13601,1.3168,0.0000,0.000000,0.000251,0.9810,0,2329
13651,1.3419,0.0000,0.000000,0.000251,0.9810,0,2338
13701,1.3564,0.0000,0.000000,0.000250,0.9830,0,2346
13751,1.3076,0.0000,0.000000,0.000250,0.9818,0,2355
13801,1.2435,0.0000,0.000000,0.000250,0.9800,0,2363
13851,1.3141,0.0000,0.000000,0.000249,0.9809,0,2372
13901,1.2608,0.0000,0.000000,0.000249,0.9813,0,2380
13951,1.3286,0.0000,0.000000,0.000249,0.9800,0,2389
14001,1.2896,0.0000,0.000000,0.000248,0.9801,0,2397
14051,1.2554,0.0000,0.000000,0.000248,0.9797,0,2406
14101,1.2577,0.0000,0.000000,0.000248,0.9799,0,2415
14151,1.2731,0.0000,0.000000,0.000247,0.9820,0,2423
14201,1.2453,0.0000,0.000000,0.000247,0.9807,0,2432
14251,1.2530,0.0000,0.000000,0.000246,0.9832,0,2440
14301,1.2859,0.0000,0.000000,0.000246,0.9815,0,2449
14351,1.2217,0.0000,0.000000,0.000246,0.9817,0,2457
14401,1.3061,0.0000,0.000000,0.000245,0.9787,0,2466
14451,1.2799,0.0000,0.000000,0.000245,0.9819,0,2475
14501,1.2457,0.0000,0.000000,0.000245,0.9822,0,2483
14551,1.3370,0.0000,0.000000,0.000244,0.9820,0,2492
14601,1.2246,0.0000,0.000000,0.000244,0.9815,0,2500
14651,1.2740,0.0000,0.000000,0.000243,0.9813,0,2509
14701,1.2029,0.0000,0.000000,0.000243,0.9808,0,2517
14751,1.2956,0.0000,0.000000,0.000243,0.9811,0,2526
14801,1.2165,0.0000,0.000000,0.000242,0.9818,0,2534
14851,1.3023,0.0000,0.000000,0.000242,0.9819,0,2543
14901,1.2946,0.0000,0.000000,0.000242,0.9821,0,2552
14951,1.2535,0.0000,0.000000,0.000241,0.9807,0,2560
15001,1.3280,0.0000,0.000000,0.000241,0.9809,0,2569
15051,1.2135,0.0000,0.000000,0.000240,0.9808,0,2577
15101,1.2884,0.0000,0.000000,0.000240,0.9818,0,2586
15151,1.2691,0.0000,0.000000,0.000240,0.9806,0,2594
15201,1.2490,0.0000,0.000000,0.000239,0.9824,0,2603
15251,1.2119,0.0000,0.000000,0.000239,0.9819,0,2611
15301,1.2928,0.0000,0.000000,0.000239,0.9813,0,2620
15351,1.2190,0.0000,0.000000,0.000238,0.9810,0,2629
15401,1.2882,0.0000,0.000000,0.000238,0.9821,0,2637
15451,1.2582,0.0000,0.000000,0.000237,0.9811,0,2646
15501,1.2357,0.0000,0.000000,0.000237,0.9823,0,2654
15551,1.2711,0.0000,0.000000,0.000237,0.9813,0,2663
15601,1.2127,0.0000,0.000000,0.000236,0.9809,0,2671
15651,1.2307,0.0000,0.000000,0.000236,0.9817,0,2680
15701,1.2325,0.0000,0.000000,0.000235,0.9801,0,2689
15751,1.2511,0.0000,0.000000,0.000235,0.9842,0,2697
15801,1.2607,0.0000,0.000000,0.000235,0.9812,0,2706
15851,1.2697,0.0000,0.000000,0.000234,0.9818,0,2714
15901,1.2169,0.0000,0.000000,0.000234,0.9840,0,2723
15951,1.2689,0.0000,0.000000,0.000233,0.9807,0,2731
16001,1.2399,0.0000,0.000000,0.000233,0.9822,0,2740
16051,1.2456,0.0000,0.000000,0.000233,0.9811,0,2748
16101,1.2663,0.0000,0.000000,0.000232,0.9833,0,2757
16151,1.1569,0.0000,0.000000,0.000232,0.9815,0,2766
16201,1.1916,0.0000,0.000000,0.000231,0.9835,0,2774
16251,1.2558,0.0000,0.000000,0.000231,0.9810,0,2783
16301,1.1852,0.0000,0.000000,0.000231,0.9818,0,2791
16351,1.1852,0.0000,0.000000,0.000230,0.9810,0,2800
16401,1.1987,0.0000,0.000000,0.000230,0.9825,0,2808
16451,1.2192,0.0000,0.000000,0.000229,0.9815,0,2817
16501,1.1699,0.0000,0.000000,0.000229,0.9834,0,2825
16551,1.2166,0.0000,0.000000,0.000229,0.9819,0,2834
16601,1.1858,0.0000,0.000000,0.000228,0.9827,0,2843
16651,1.2437,0.0000,0.000000,0.000228,0.9817,0,2851
16701,1.2144,0.0000,0.000000,0.000227,0.9819,0,2860
16751,1.2064,0.0000,0.000000,0.000227,0.9834,0,2868
16801,1.1586,0.0000,0.000000,0.000227,0.9840,0,2877
16851,1.2623,0.0000,0.000000,0.000226,0.9817,0,2885
16901,1.1392,0.0000,0.000000,0.000226,0.9819,0,2894
16951,1.1994,0.0000,0.000000,0.000225,0.9826,0,2903
17001,1.1413,0.0000,0.000000,0.000225,0.9817,0,2911
17051,1.1768,0.0000,0.000000,0.000225,0.9856,0,2920
17101,1.1926,0.0000,0.000000,0.000224,0.9829,0,2928
17151,1.1508,0.0000,0.000000,0.000224,0.9852,0,2937
17201,1.1712,0.0000,0.000000,0.000223,0.9829,0,2945
17251,1.2442,0.0000,0.000000,0.000223,0.9848,0,2954
17301,1.1429,0.0000,0.000000,0.000223,0.9839,0,2962
17351,1.2029,0.0000,0.000000,0.000222,0.9796,0,2971
17401,1.1956,0.0000,0.000000,0.000222,0.9824,0,2980
17451,1.1861,0.0000,0.000000,0.000221,0.9827,0,2988
17501,1.1777,0.0000,0.000000,0.000221,0.9825,0,2997
17551,1.1718,0.0000,0.000000,0.000220,0.9812,0,3005
17601,1.1821,0.0000,0.000000,0.000220,0.9841,0,3014
17651,1.1836,0.0000,0.000000,0.000220,0.9836,0,3022
17701,1.1642,0.0000,0.000000,0.000219,0.9824,0,3031
17751,1.1361,0.0000,0.000000,0.000219,0.9843,0,3039
17801,1.2013,0.0000,0.000000,0.000218,0.9821,0,3048
17851,1.1471,0.0000,0.000000,0.000218,0.9842,0,3057
17901,1.1757,0.0000,0.000000,0.000217,0.9827,0,3065
17951,1.2111,0.0000,0.000000,0.000217,0.9824,0,3074
18001,1.1933,0.0000,0.000000,0.000217,0.9830,0,3082
18051,1.1231,0.0000,0.000000,0.000216,0.9830,0,3091
18101,1.1455,0.0000,0.000000,0.000216,0.9822,0,3099
18151,1.1910,0.0000,0.000000,0.000215,0.9835,0,3108
18201,1.1719,0.0000,0.000000,0.000215,0.9839,0,3117
18251,1.1409,0.0000,0.000000,0.000214,0.9829,0,3125
18301,1.1542,0.0000,0.000000,0.000214,0.9825,0,3134
18351,1.1602,0.0000,0.000000,0.000214,0.9829,0,3142
18401,1.1917,0.0000,0.000000,0.000213,0.9833,0,3151
18451,1.1545,0.0000,0.000000,0.000213,0.9827,0,3159
18501,1.1765,0.0000,0.000000,0.000212,0.9835,0,3168
18551,1.1237,0.0000,0.000000,0.000212,0.9840,0,3176
18601,1.1781,0.0000,0.000000,0.000211,0.9821,0,3185
18651,1.1082,0.0000,0.000000,0.000211,0.9844,0,3194
18701,1.1113,0.0000,0.000000,0.000211,0.9831,0,3202
18751,1.1215,0.0000,0.000000,0.000210,0.9848,0,3211
18801,1.1264,0.0000,0.000000,0.000210,0.9824,0,3219
18851,1.1480,0.0000,0.000000,0.000209,0.9830,0,3228
18901,1.1767,0.0000,0.000000,0.000209,0.9850,0,3236
18951,1.1879,0.0000,0.000000,0.000208,0.9831,0,3245
19001,1.1157,0.0000,0.000000,0.000208,0.9849,0,3253
19051,1.0902,0.0000,0.000000,0.000208,0.9833,0,3262
19101,1.1861,0.0000,0.000000,0.000207,0.9847,0,3271
19151,1.1163,0.0000,0.000000,0.000207,0.9835,0,3279
19201,1.1371,0.0000,0.000000,0.000206,0.9837,0,3288
19251,1.1258,0.0000,0.000000,0.000206,0.9837,0,3296
19301,1.1421,0.0000,0.000000,0.000205,0.9823,0,3305
19351,1.1212,0.0000,0.000000,0.000205,0.9820,0,3313
19401,1.1543,0.0000,0.000000,0.000204,0.9832,0,3322
19451,1.1899,0.0000,0.000000,0.000204,0.9840,0,3331
19501,1.1368,0.0000,0.000000,0.000204,0.9846,0,3339
19551,1.0659,0.0000,0.000000,0.000203,0.9834,0,3348
19601,1.0814,0.0000,0.000000,0.000203,0.9825,0,3356
19651,1.1075,0.0000,0.000000,0.000202,0.9841,0,3365
19701,1.1366,0.0000,0.000000,0.000202,0.9836,0,3373
19751,1.1276,0.0000,0.000000,0.000201,0.9845,0,3382
19801,1.1098,0.0000,0.000000,0.000201,0.9853,0,3390
19851,1.0753,0.0000,0.000000,0.000200,0.9843,0,3399
19901,1.0955,0.0000,0.000000,0.000200,0.9831,0,3408
19951,1.1355,0.0000,0.000000,0.000200,0.9824,0,3416
20001,1.1497,0.0000,0.000000,0.000199,0.9831,0,3425
20051,1.1374,0.0000,0.000000,0.000199,0.9837,0,3433
20101,1.1196,0.0000,0.000000,0.000198,0.9844,0,3442
20151,1.0876,0.0000,0.000000,0.000198,0.9834,0,3450
20201,1.1247,0.0000,0.000000,0.000197,0.9828,0,3459
20251,1.1226,0.0000,0.000000,0.000197,0.9828,0,3467
20301,1.1449,0.0000,0.000000,0.000196,0.9835,0,3476
20351,1.1345,0.0000,0.000000,0.000196,0.9832,0,3485
20401,1.1289,0.0000,0.000000,0.000195,0.9821,0,3493
20451,1.0750,0.0000,0.000000,0.000195,0.9858,0,3502
20501,1.0496,0.0000,0.000000,0.000195,0.9828,0,3510
20551,1.1394,0.0000,0.000000,0.000194,0.9841,0,3519
20601,1.1839,0.0000,0.000000,0.000194,0.9842,0,3527
20651,1.1086,0.0000,0.000000,0.000193,0.9826,0,3536
20701,1.1129,0.0000,0.000000,0.000193,0.9839,0,3545
20751,1.0692,0.0000,0.000000,0.000192,0.9862,0,3553
20801,1.0777,0.0000,0.000000,0.000192,0.9856,0,3562
20851,1.0679,0.0000,0.000000,0.000191,0.9848,0,3570
20901,1.1243,0.0000,0.000000,0.000191,0.9839,0,3579
20951,1.1249,0.0000,0.000000,0.000190,0.9825,0,3587
21001,1.1487,0.0000,0.000000,0.000190,0.9848,0,3596
21051,1.1377,0.0000,0.000000,0.000190,0.9832,0,3604
21101,1.0754,0.0000,0.000000,0.000189,0.9841,0,3613
21151,1.0783,0.0000,0.000000,0.000189,0.9841,0,3622
21201,1.1059,0.0000,0.000000,0.000188,0.9828,0,3630
21251,1.0860,0.0000,0.000000,0.000188,0.9824,0,3639
21301,1.0739,0.0000,0.000000,0.000187,0.9837,0,3647
21351,1.1334,0.0000,0.000000,0.000187,0.9840,0,3656
21401,1.1193,0.0000,0.000000,0.000186,0.9855,0,3664
21451,1.1174,0.0000,0.000000,0.000186,0.9848,0,3673
21501,1.0820,0.0000,0.000000,0.000185,0.9837,0,3681
21551,1.1359,0.0000,0.000000,0.000185,0.9837,0,3690
21601,1.0873,0.0000,0.000000,0.000184,0.9853,0,3699
21651,1.0880,0.0000,0.000000,0.000184,0.9837,0,3707
21701,1.0871,0.0000,0.000000,0.000184,0.9842,0,3716
21751,1.0343,0.0000,0.000000,0.000183,0.9845,0,3724
21801,1.0703,0.0000,0.000000,0.000183,0.9833,0,3733
21851,1.0664,0.0000,0.000000,0.000182,0.9851,0,3741
21901,1.1068,0.0000,0.000000,0.000182,0.9839,0,3750
21951,1.0306,0.0000,0.000000,0.000181,0.9855,0,3759
22001,1.0776,0.0000,0.000000,0.000181,0.9833,0,3767
22051,1.0564,0.0000,0.000000,0.000180,0.9857,0,3776
22101,1.0184,0.0000,0.000000,0.000180,0.9831,0,3784
22151,1.0611,0.0000,0.000000,0.000179,0.9845,0,3793
22201,1.0373,0.0000,0.000000,0.000179,0.9850,0,3801
22251,1.0839,0.0000,0.000000,0.000178,0.9843,0,3810
22301,1.1098,0.0000,0.000000,0.000178,0.9852,0,3818
22351,1.0535,0.0000,0.000000,0.000177,0.9843,0,3827
22401,1.0241,0.0000,0.000000,0.000177,0.9841,0,3836
22451,1.0918,0.0000,0.000000,0.000177,0.9848,0,3844
22501,1.0504,0.0000,0.000000,0.000176,0.9846,0,3853
22551,1.0858,0.0000,0.000000,0.000176,0.9848,0,3861
22601,1.0667,0.0000,0.000000,0.000175,0.9844,0,3870
22651,1.0998,0.0000,0.000000,0.000175,0.9834,0,3878
22701,1.0438,0.0000,0.000000,0.000174,0.9855,0,3887
22751,1.0073,0.0000,0.000000,0.000174,0.9833,0,3895
22801,1.1008,0.0000,0.000000,0.000173,0.9852,0,3904
22851,1.0388,0.0000,0.000000,0.000173,0.9857,0,3913
22901,1.0684,0.0000,0.000000,0.000172,0.9844,0,3921
22951,1.0762,0.0000,0.000000,0.000172,0.9855,0,3930
23001,1.0366,0.0000,0.000000,0.000171,0.9845,0,3938
23051,1.0563,0.0000,0.000000,0.000171,0.9849,0,3947
23101,1.0394,0.0000,0.000000,0.000170,0.9840,0,3955
23151,1.0676,0.0000,0.000000,0.000170,0.9858,0,3964
23201,1.0461,0.0000,0.000000,0.000169,0.9845,0,3972
23251,1.0279,0.0000,0.000000,0.000169,0.9839,0,3981
23301,1.0246,0.0000,0.000000,0.000169,0.9852,0,3990
23351,1.0971,0.0000,0.000000,0.000168,0.9853,0,3998
23401,1.0616,0.0000,0.000000,0.000168,0.9852,0,4007
23451,1.1189,0.0000,0.000000,0.000167,0.9859,0,4015
23501,1.0326,0.0000,0.000000,0.000167,0.9862,0,4024
23551,1.0161,0.0000,0.000000,0.000166,0.9848,0,4032
23601,1.0568,0.0000,0.000000,0.000166,0.9850,0,4041
23651,1.0538,0.0000,0.000000,0.000165,0.9844,0,4049
23701,1.0612,0.0000,0.000000,0.000165,0.9850,0,4058
23751,1.0549,0.0000,0.000000,0.000164,0.9845,0,4067
23801,1.0555,0.0000,0.000000,0.000164,0.9839,0,4075
23851,1.0928,0.0000,0.000000,0.000163,0.9841,0,4084
23901,1.0674,0.0000,0.000000,0.000163,0.9847,0,4092
23951,1.0618,0.0000,0.000000,0.000162,0.9851,0,4101
24001,1.0836,0.0000,0.000000,0.000162,0.9856,0,4109
24051,0.9984,0.0000,0.000000,0.000161,0.9849,0,4118
24101,1.0807,0.0000,0.000000,0.000161,0.9857,0,4127
24151,1.0040,0.0000,0.000000,0.000160,0.9851,0,4135
24201,1.0487,0.0000,0.000000,0.000160,0.9852,0,4144
24251,1.0294,0.0000,0.000000,0.000160,0.9841,0,4152
24301,1.0355,0.0000,0.000000,0.000159,0.9845,0,4161
24351,1.0287,0.0000,0.000000,0.000159,0.9857,0,4169
24401,1.0121,0.0000,0.000000,0.000158,0.9866,0,4178
24451,0.9851,0.0000,0.000000,0.000158,0.9849,0,4186
24501,1.0193,0.0000,0.000000,0.000157,0.9858,0,4195
24551,1.0324,0.0000,0.000000,0.000157,0.9861,0,4204
24601,1.0990,0.0000,0.000000,0.000156,0.9848,0,4212
24651,0.9839,0.0000,0.000000,0.000156,0.9860,0,4221
24701,1.0172,0.0000,0.000000,0.000155,0.9840,0,4229
24751,1.0403,0.0000,0.000000,0.000155,0.9861,0,4238
24801,1.0367,0.0000,0.000000,0.000154,0.9844,0,4246
24851,0.9981,0.0000,0.000000,0.000154,0.9857,0,4255
24901,1.0063,0.0000,0.000000,0.000153,0.9867,0,4263
24951,1.0169,0.0000,0.000000,0.000153,0.9849,0,4272
25001,1.0048,0.0000,0.000000,0.000152,0.9870,0,4294
25051,1.0137,0.0000,0.000000,0.000152,0.9868,0,4303
25101,1.0243,0.0000,0.000000,0.000151,0.9838,0,4311
25151,1.0372,0.0000,0.000000,0.000151,0.9851,0,4320
25201,1.0160,0.0000,0.000000,0.000150,0.9843,0,4328
25251,0.9987,0.0000,0.000000,0.000150,0.9861,0,4337
25301,1.0093,0.0000,0.000000,0.000150,0.9857,0,4346
25351,1.0441,0.0000,0.000000,0.000149,0.9847,0,4354
25401,0.9635,0.0000,0.000000,0.000149,0.9858,0,4363
25451,1.0031,0.0000,0.000000,0.000148,0.9846,0,4371
25501,1.0086,0.0000,0.000000,0.000148,0.9851,0,4380
25551,1.0247,0.0000,0.000000,0.000147,0.9852,0,4388
25601,1.0012,0.0000,0.000000,0.000147,0.9859,0,4397
25651,1.0526,0.0000,0.000000,0.000146,0.9847,0,4405
25701,1.0696,0.0000,0.000000,0.000146,0.9865,0,4414
25751,0.9751,0.0000,0.000000,0.000145,0.9860,0,4423
25801,0.9939,0.0000,0.000000,0.000145,0.9865,0,4431
25851,1.0432,0.0000,0.000000,0.000144,0.9855,0,4440
25901,0.9830,0.0000,0.000000,0.000144,0.9869,0,4448
25951,0.9948,0.0000,0.000000,0.000143,0.9860,0,4457
26001,1.0184,0.0000,0.000000,0.000143,0.9855,0,4465
26051,1.0229,0.0000,0.000000,0.000142,0.9870,0,4474
26101,1.0203,0.0000,0.000000,0.000142,0.9852,0,4482
26151,0.9808,0.0000,0.000000,0.000141,0.9863,0,4491
26201,1.0023,0.0000,0.000000,0.000141,0.9858,0,4500
26251,1.0250,0.0000,0.000000,0.000140,0.9865,0,4508
26301,1.0116,0.0000,0.000000,0.000140,0.9855,0,4517
26351,1.0198,0.0000,0.000000,0.000140,0.9875,0,4525
26401,0.9785,0.0000,0.000000,0.000139,0.9872,0,4534
26451,1.0622,0.0000,0.000000,0.000139,0.9854,0,4542
26501,0.9576,0.0000,0.000000,0.000138,0.9855,0,4551
26551,0.9878,0.0000,0.000000,0.000138,0.9842,0,4560
26601,1.0373,0.0000,0.000000,0.000137,0.9857,0,4568
26651,1.0044,0.0000,0.000000,0.000137,0.9867,0,4577
26701,0.9857,0.0000,0.000000,0.000136,0.9865,0,4585
26751,0.9877,0.0000,0.000000,0.000136,0.9847,0,4594
26801,0.9553,0.0000,0.000000,0.000135,0.9855,0,4602
26851,0.9697,0.0000,0.000000,0.000135,0.9851,0,4611
26901,0.9754,0.0000,0.000000,0.000134,0.9840,0,4619
26951,0.9899,0.0000,0.000000,0.000134,0.9859,0,4628
27001,1.0176,0.0000,0.000000,0.000133,0.9867,0,4637
27051,0.9747,0.0000,0.000000,0.000133,0.9857,0,4645
27101,1.0260,0.0000,0.000000,0.000132,0.9848,0,4654
27151,1.0192,0.0000,0.000000,0.000132,0.9854,0,4662
27201,0.9775,0.0000,0.000000,0.000131,0.9857,0,4671
27251,0.9837,0.0000,0.000000,0.000131,0.9871,0,4679
27301,0.9778,0.0000,0.000000,0.000131,0.9847,0,4688
27351,1.0058,0.0000,0.000000,0.000130,0.9866,0,4696
27401,0.9688,0.0000,0.000000,0.000130,0.9848,0,4705
27451,0.9647,0.0000,0.000000,0.000129,0.9873,0,4714
27501,0.9775,0.0000,0.000000,0.000129,0.9856,0,4722
27551,0.9455,0.0000,0.000000,0.000128,0.9856,0,4731
27601,0.9518,0.0000,0.000000,0.000128,0.9869,0,4739
27651,1.0215,0.0000,0.000000,0.000127,0.9854,0,4748
27701,1.0278,0.0000,0.000000,0.000127,0.9861,0,4756
27751,0.9590,0.0000,0.000000,0.000126,0.9853,0,4765
27801,0.9688,0.0000,0.000000,0.000126,0.9861,0,4773
27851,0.9404,0.0000,0.000000,0.000125,0.9850,0,4782
27901,1.0141,0.0000,0.000000,0.000125,0.9863,0,4791
27951,0.9685,0.0000,0.000000,0.000124,0.9862,0,4799
28001,0.9442,0.0000,0.000000,0.000124,0.9861,0,4808
28051,0.9700,0.0000,0.000000,0.000123,0.9862,0,4816
28101,0.9752,0.0000,0.000000,0.000123,0.9872,0,4825
28151,0.9667,0.0000,0.000000,0.000123,0.9868,0,4833
28201,0.8992,0.0000,0.000000,0.000122,0.9859,0,4842
28251,0.9658,0.0000,0.000000,0.000122,0.9860,0,4851
28301,0.9329,0.0000,0.000000,0.000121,0.9861,0,4859
28351,0.9424,0.0000,0.000000,0.000121,0.9859,0,4868
28401,0.9738,0.0000,0.000000,0.000120,0.9859,0,4876
28451,0.9744,0.0000,0.000000,0.000120,0.9865,0,4885
28501,0.9691,0.0000,0.000000,0.000119,0.9862,0,4893
28551,0.9606,0.0000,0.000000,0.000119,0.9861,0,4902
28601,0.9662,0.0000,0.000000,0.000118,0.9867,0,4910
28651,0.9562,0.0000,0.000000,0.000118,0.9869,0,4919
28701,0.9733,0.0000,0.000000,0.000117,0.9862,0,4928
28751,0.9418,0.0000,0.000000,0.000117,0.9871,0,4936
28801,0.9611,0.0000,0.000000,0.000116,0.9852,0,4945
28851,0.9177,0.0000,0.000000,0.000116,0.9863,0,4953
28901,0.9347,0.0000,0.000000,0.000116,0.9866,0,4962
28951,0.8953,0.0000,0.000000,0.000115,0.9874,0,4970
29001,0.9567,0.0000,0.000000,0.000115,0.9863,0,4979
29051,0.9464,0.0000,0.000000,0.000114,0.9863,0,4987
29101,0.9642,0.0000,0.000000,0.000114,0.9860,0,4996
29151,0.9504,0.0000,0.000000,0.000113,0.9870,0,5005
29201,0.9719,0.0000,0.000000,0.000113,0.9869,0,5013
29251,0.9429,0.0000,0.000000,0.000112,0.9869,0,5022
29301,0.9203,0.0000,0.000000,0.000112,0.9866,0,5030
29351,0.9644,0.0000,0.000000,0.000111,0.9865,0,5039
29401,0.9540,0.0000,0.000000,0.000111,0.9865,0,5047
29451,0.8950,0.0000,0.000000,0.000110,0.9872,0,5056
29501,0.9815,0.0000,0.000000,0.000110,0.9867,0,5064
29551,0.9759,0.0000,0.000000,0.000110,0.9870,0,5073
29601,0.9025,0.0000,0.000000,0.000109,0.9871,0,5082
29651,0.9240,0.0000,0.000000,0.000109,0.9868,0,5090
29701,0.9964,0.0000,0.000000,0.000108,0.9859,0,5099
29751,0.9529,0.0000,0.000000,0.000108,0.9882,0,5107
29801,0.9542,0.0000,0.000000,0.000107,0.9871,0,5116
29851,0.9304,0.0000,0.000000,0.000107,0.9868,0,5124
29901,0.9483,0.0000,0.000000,0.000106,0.9864,0,5133
29951,0.9071,0.0000,0.000000,0.000106,0.9867,0,5142
30001,0.9399,0.0000,0.000000,0.000105,0.9858,0,5150
30051,0.9134,0.0000,0.000000,0.000105,0.9871,0,5159
30101,0.9140,0.0000,0.000000,0.000105,0.9865,0,5167
30151,0.9193,0.0000,0.000000,0.000104,0.9876,0,5176
30201,0.9524,0.0000,0.000000,0.000104,0.9877,0,5184
30251,0.9697,0.0000,0.000000,0.000103,0.9851,0,5193
30301,0.9007,0.0000,0.000000,0.000103,0.9873,0,5201
30351,0.9064,0.0000,0.000000,0.000102,0.9878,0,5210
30401,0.9277,0.0000,0.000000,0.000102,0.9871,0,5219
30451,0.9322,0.0000,0.000000,0.000101,0.9871,0,5227
30501,0.9315,0.0000,0.000000,0.000101,0.9860,0,5236
30551,0.9140,0.0000,0.000000,0.000100,0.9867,0,5244
30601,0.9212,0.0000,0.000000,0.000100,0.9866,0,5253
30651,0.9244,0.0000,0.000000,0.000100,0.9871,0,5261
30701,0.9514,0.0000,0.000000,0.000099,0.9879,0,5270
30751,0.9073,0.0000,0.000000,0.000099,0.9874,0,5278
30801,0.9316,0.0000,0.000000,0.000098,0.9868,0,5287
30851,0.9128,0.0000,0.000000,0.000098,0.9869,0,5296
30901,0.9483,0.0000,0.000000,0.000097,0.9871,0,5304
30951,0.9246,0.0000,0.000000,0.000097,0.9867,0,5313
31001,0.9205,0.0000,0.000000,0.000096,0.9863,0,5321
31051,0.9332,0.0000,0.000000,0.000096,0.9866,0,5330
31101,0.8976,0.0000,0.000000,0.000096,0.9876,0,5338
31151,0.8966,0.0000,0.000000,0.000095,0.9862,0,5347
31201,0.9104,0.0000,0.000000,0.000095,0.9860,0,5355
31251,0.9021,0.0000,0.000000,0.000094,0.9879,0,5364
31301,0.9206,0.0000,0.000000,0.000094,0.9861,0,5373
31351,0.8951,0.0000,0.000000,0.000093,0.9868,0,5381
31401,0.9174,0.0000,0.000000,0.000093,0.9881,0,5390
31451,0.9176,0.0000,0.000000,0.000092,0.9868,0,5398
31501,0.8952,0.0000,0.000000,0.000092,0.9868,0,5407
31551,0.8958,0.0000,0.000000,0.000092,0.9877,0,5415
31601,0.9116,0.0000,0.000000,0.000091,0.9861,0,5424
31651,0.9125,0.0000,0.000000,0.000091,0.9873,0,5433
31701,0.8921,0.0000,0.000000,0.000090,0.9878,0,5441
31751,0.8941,0.0000,0.000000,0.000090,0.9870,0,5450
31801,0.9089,0.0000,0.000000,0.000089,0.9867,0,5458
31851,0.9233,0.0000,0.000000,0.000089,0.9874,0,5467
31901,0.8822,0.0000,0.000000,0.000089,0.9867,0,5475
31951,0.9013,0.0000,0.000000,0.000088,0.9869,0,5484
32001,0.8796,0.0000,0.000000,0.000088,0.9861,0,5492
32051,0.9147,0.0000,0.000000,0.000087,0.9876,0,5501
32101,0.9222,0.0000,0.000000,0.000087,0.9877,0,5510
32151,0.8759,0.0000,0.000000,0.000086,0.9882,0,5518
32201,0.8756,0.0000,0.000000,0.000086,0.9850,0,5527
32251,0.9276,0.0000,0.000000,0.000086,0.9878,0,5535
32301,0.8894,0.0000,0.000000,0.000085,0.9871,0,5544
32351,0.8752,0.0000,0.000000,0.000085,0.9861,0,5552
32401,0.8833,0.0000,0.000000,0.000084,0.9858,0,5561
32451,0.9024,0.0000,0.000000,0.000084,0.9877,0,5569
32501,0.9221,0.0000,0.000000,0.000083,0.9861,0,5578
32551,0.8958,0.0000,0.000000,0.000083,0.9870,0,5587
32601,0.9090,0.0000,0.000000,0.000083,0.9863,0,5595
32651,0.8760,0.0000,0.000000,0.000082,0.9880,0,5604
32701,0.8944,0.0000,0.000000,0.000082,0.9862,0,5612
32751,0.8658,0.0000,0.000000,0.000081,0.9865,0,5621
32801,0.8719,0.0000,0.000000,0.000081,0.9879,0,5629
32851,0.8590,0.0000,0.000000,0.000080,0.9875,0,5638
32901,0.8966,0.0000,0.000000,0.000080,0.9880,0,5646
32951,0.8905,0.0000,0.000000,0.000080,0.9876,0,5655
33001,0.8641,0.0000,0.000000,0.000079,0.9869,0,5664
33051,0.9304,0.0000,0.000000,0.000079,0.9874,0,5672
33101,0.8810,0.0000,0.000000,0.000078,0.9873,0,5681
33151,0.9017,0.0000,0.000000,0.000078,0.9880,0,5689
33201,0.9272,0.0000,0.000000,0.000077,0.9873,0,5698
33251,0.9361,0.0000,0.000000,0.000077,0.9866,0,5706
33301,0.8678,0.0000,0.000000,0.000077,0.9865,0,5715
33351,0.8913,0.0000,0.000000,0.000076,0.9868,0,5724
33401,0.8743,0.0000,0.000000,0.000076,0.9876,0,5732
33451,0.8629,0.0000,0.000000,0.000075,0.9873,0,5741
33501,0.8753,0.0000,0.000000,0.000075,0.9870,0,5749
33551,0.9220,0.0000,0.000000,0.000075,0.9867,0,5758
33601,0.8544,0.0000,0.000000,0.000074,0.9863,0,5766
33651,0.8772,0.0000,0.000000,0.000074,0.9877,0,5775
33701,0.9241,0.0000,0.000000,0.000073,0.9869,0,5783
33751,0.8858,0.0000,0.000000,0.000073,0.9868,0,5792
33801,0.8306,0.0000,0.000000,0.000073,0.9864,0,5801
33851,0.8642,0.0000,0.000000,0.000072,0.9862,0,5809
33901,0.8884,0.0000,0.000000,0.000072,0.9871,0,5818
33951,0.8639,0.0000,0.000000,0.000071,0.9872,0,5826
34001,0.8892,0.0000,0.000000,0.000071,0.9870,0,5835
34051,0.8860,0.0000,0.000000,0.000071,0.9875,0,5843
34101,0.9231,0.0000,0.000000,0.000070,0.9886,0,5852
34151,0.8647,0.0000,0.000000,0.000070,0.9878,0,5860
34201,0.8881,0.0000,0.000000,0.000069,0.9873,0,5869
34251,0.8730,0.0000,0.000000,0.000069,0.9871,0,5878
34301,0.8343,0.0000,0.000000,0.000069,0.9873,0,5886
34351,0.8420,0.0000,0.000000,0.000068,0.9860,0,5895
34401,0.9024,0.0000,0.000000,0.000068,0.9873,0,5903
34451,0.8700,0.0000,0.000000,0.000067,0.9872,0,5912
34501,0.9156,0.0000,0.000000,0.000067,0.9867,0,5920
34551,0.8666,0.0000,0.000000,0.000067,0.9875,0,5929
34601,0.8793,0.0000,0.000000,0.000066,0.9879,0,5937
34651,0.8432,0.0000,0.000000,0.000066,0.9876,0,5946
34701,0.8406,0.0000,0.000000,0.000065,0.9868,0,5955
34751,0.8671,0.0000,0.000000,0.000065,0.9878,0,5963
34801,0.8598,0.0000,0.000000,0.000065,0.9864,0,5972
34851,0.8651,0.0000,0.000000,0.000064,0.9865,0,5980
34901,0.9262,0.0000,0.000000,0.000064,0.9866,0,5989
34951,0.8873,0.0000,0.000000,0.000063,0.9871,0,5997
35001,0.8783,0.0000,0.000000,0.000063,0.9882,0,6006
35051,0.8513,0.0000,0.000000,0.000063,0.9861,0,6014
35101,0.8820,0.0000,0.000000,0.000062,0.9870,0,6023
35151,0.8153,0.0000,0.000000,0.000062,0.9866,0,6032
35201,0.8528,0.0000,0.000000,0.000061,0.9867,0,6040
35251,0.8675,0.0000,0.000000,0.000061,0.9883,0,6049
35301,0.8471,0.0000,0.000000,0.000061,0.9857,0,6057
35351,0.8414,0.0000,0.000000,0.000060,0.9869,0,6066
35401,0.8542,0.0000,0.000000,0.000060,0.9874,0,6074
35451,0.8524,0.0000,0.000000,0.000060,0.9880,0,6083
35501,0.8649,0.0000,0.000000,0.000059,0.9880,0,6091
35551,0.8420,0.0000,0.000000,0.000059,0.9878,0,6100
35601,0.8626,0.0000,0.000000,0.000058,0.9891,0,6109
35651,0.8337,0.0000,0.000000,0.000058,0.9882,0,6117
35701,0.8781,0.0000,0.000000,0.000058,0.9870,0,6126
35751,0.8308,0.0000,0.000000,0.000057,0.9878,0,6134
35801,0.8531,0.0000,0.000000,0.000057,0.9881,0,6143
35851,0.8936,0.0000,0.000000,0.000057,0.9869,0,6151
35901,0.8380,0.0000,0.000000,0.000056,0.9872,0,6160
35951,0.8189,0.0000,0.000000,0.000056,0.9876,0,6168
36001,0.8495,0.0000,0.000000,0.000055,0.9876,0,6177
36051,0.8967,0.0000,0.000000,0.000055,0.9869,0,6186
36101,0.8701,0.0000,0.000000,0.000055,0.9881,0,6194
36151,0.8727,0.0000,0.000000,0.000054,0.9876,0,6203
36201,0.8217,0.0000,0.000000,0.000054,0.9872,0,6211
36251,0.8458,0.0000,0.000000,0.000054,0.9879,0,6220
36301,0.8511,0.0000,0.000000,0.000053,0.9871,0,6228
36351,0.8342,0.0000,0.000000,0.000053,0.9882,0,6237
36401,0.8334,0.0000,0.000000,0.000052,0.9882,0,6246
36451,0.8707,0.0000,0.000000,0.000052,0.9881,0,6254
36501,0.8760,0.0000,0.000000,0.000052,0.9882,0,6263
36551,0.8354,0.0000,0.000000,0.000051,0.9877,0,6271
36601,0.8212,0.0000,0.000000,0.000051,0.9872,0,6280
36651,0.8710,0.0000,0.000000,0.000051,0.9881,0,6288
36701,0.8392,0.0000,0.000000,0.000050,0.9874,0,6297
36751,0.8108,0.0000,0.000000,0.000050,0.9886,0,6305
36801,0.8439,0.0000,0.000000,0.000050,0.9877,0,6314
36851,0.8431,0.0000,0.000000,0.000049,0.9872,0,6323
36901,0.8642,0.0000,0.000000,0.000049,0.9882,0,6331
36951,0.8474,0.0000,0.000000,0.000049,0.9880,0,6340
37001,0.8373,0.0000,0.000000,0.000048,0.9879,0,6348
37051,0.8145,0.0000,0.000000,0.000048,0.9877,0,6357
37101,0.8743,0.0000,0.000000,0.000048,0.9884,0,6365
37151,0.8303,0.0000,0.000000,0.000047,0.9883,0,6374
37201,0.8763,0.0000,0.000000,0.000047,0.9871,0,6382
37251,0.7915,0.0000,0.000000,0.000046,0.9883,0,6391
37301,0.8363,0.0000,0.000000,0.000046,0.9868,0,6400
37351,0.8405,0.0000,0.000000,0.000046,0.9866,0,6408
37401,0.8811,0.0000,0.000000,0.000045,0.9873,0,6417
37451,0.8482,0.0000,0.000000,0.000045,0.9870,0,6425
37501,0.8613,0.0000,0.000000,0.000045,0.9877,0,6434
37551,0.8539,0.0000,0.000000,0.000044,0.9866,0,6442
37601,0.8807,0.0000,0.000000,0.000044,0.9881,0,6451
37651,0.8591,0.0000,0.000000,0.000044,0.9871,0,6459
37701,0.8369,0.0000,0.000000,0.000043,0.9877,0,6468
37751,0.8207,0.0000,0.000000,0.000043,0.9874,0,6477
37801,0.8708,0.0000,0.000000,0.000043,0.9880,0,6485
37851,0.8661,0.0000,0.000000,0.000042,0.9872,0,6494
37901,0.8365,0.0000,0.000000,0.000042,0.9886,0,6502
37951,0.8501,0.0000,0.000000,0.000042,0.9881,0,6511
38001,0.8442,0.0000,0.000000,0.000041,0.9880,0,6519
38051,0.8170,0.0000,0.000000,0.000041,0.9871,0,6528
38101,0.8399,0.0000,0.000000,0.000041,0.9878,0,6537
38151,0.8157,0.0000,0.000000,0.000040,0.9887,0,6545
38201,0.8515,0.0000,0.000000,0.000040,0.9883,0,6554
38251,0.8462,0.0000,0.000000,0.000040,0.9877,0,6562
38301,0.8607,0.0000,0.000000,0.000039,0.9882,0,6571
38351,0.8645,0.0000,0.000000,0.000039,0.9869,0,6579
38401,0.8120,0.0000,0.000000,0.000039,0.9880,0,6588
38451,0.8739,0.0000,0.000000,0.000039,0.9886,0,6596
38501,0.8479,0.0000,0.000000,0.000038,0.9875,0,6605
38551,0.8713,0.0000,0.000000,0.000038,0.9872,0,6614
38601,0.8368,0.0000,0.000000,0.000038,0.9883,0,6622
38651,0.8269,0.0000,0.000000,0.000037,0.9887,0,6631
38701,0.7960,0.0000,0.000000,0.000037,0.9869,0,6639
38751,0.8499,0.0000,0.000000,0.000037,0.9881,0,6648
38801,0.7949,0.0000,0.000000,0.000036,0.9891,0,6656
38851,0.7922,0.0000,0.000000,0.000036,0.9885,0,6665
38901,0.8425,0.0000,0.000000,0.000036,0.9884,0,6673
38951,0.7934,0.0000,0.000000,0.000035,0.9885,0,6682
39001,0.8484,0.0000,0.000000,0.000035,0.9878,0,6691
39051,0.8162,0.0000,0.000000,0.000035,0.9880,0,6699
39101,0.8018,0.0000,0.000000,0.000034,0.9881,0,6708
39151,0.8156,0.0000,0.000000,0.000034,0.9873,0,6716
39201,0.8311,0.0000,0.000000,0.000034,0.9886,0,6725
39251,0.8413,0.0000,0.000000,0.000034,0.9871,0,6733
39301,0.7811,0.0000,0.000000,0.000033,0.9870,0,6742
39351,0.8225,0.0000,0.000000,0.000033,0.9882,0,6750
39401,0.8250,0.0000,0.000000,0.000033,0.9879,0,6759
39451,0.8148,0.0000,0.000000,0.000032,0.9877,0,6768
39501,0.8111,0.0000,0.000000,0.000032,0.9889,0,6776
39551,0.8386,0.0000,0.000000,0.000032,0.9881,0,6785
39601,0.8158,0.0000,0.000000,0.000032,0.9886,0,6793
39651,0.8185,0.0000,0.000000,0.000031,0.9879,0,6802
39701,0.8418,0.0000,0.000000,0.000031,0.9873,0,6810
39751,0.8239,0.0000,0.000000,0.000031,0.9876,0,6819
39801,0.8271,0.0000,0.000000,0.000030,0.9867,0,6828
39851,0.8527,0.0000,0.000000,0.000030,0.9888,0,6836
39901,0.8062,0.0000,0.000000,0.000030,0.9885,0,6845
39951,0.8660,0.0000,0.000000,0.000030,0.9883,0,6853
40001,0.8230,0.3573,0.074524,0.000030,0.9876,0,6863
40051,0.8088,0.2078,0.074402,0.000030,0.9977,0,6885
40101,0.7864,0.2060,0.058380,0.000030,0.9990,0,6907
40151,0.8327,0.2091,0.047302,0.000030,0.9992,0,6929
40201,0.8386,0.2089,0.037109,0.000030,0.9992,0,6951
40251,0.7715,0.1912,0.029938,0.000030,0.9989,0,6972
40301,0.7881,0.2019,0.024689,0.000030,0.9990,0,6994
40351,0.8443,0.1913,0.021439,0.000030,0.9993,0,7016
40401,0.8166,0.1883,0.014107,0.000030,0.9991,0,7037
40451,0.8371,0.1800,0.012932,0.000030,0.9992,0,7060
40501,0.8145,0.1784,0.009056,0.000030,0.9992,0,7081
40551,0.7969,0.1778,0.011650,0.000030,0.9994,0,7104
40601,0.8081,0.1790,0.007137,0.000030,0.9989,0,7125
40651,0.8069,0.1710,0.008797,0.000030,0.9990,0,7148
40701,0.8107,0.1703,0.006493,0.000030,0.9993,0,7170
40751,0.8110,0.1712,0.006813,0.000030,0.9991,0,7192
40801,0.8228,0.1668,0.005730,0.000030,0.9992,0,7214
40851,0.7846,0.1678,0.005302,0.000030,0.9991,0,7236
40901,0.8015,0.1720,0.006966,0.000030,0.9990,0,7259
40951,0.8337,0.1765,0.004890,0.000030,0.9993,0,7280
41001,0.8202,0.1641,0.005054,0.000030,0.9992,0,7302
41051,0.7727,0.1612,0.004311,0.000030,0.9991,0,7324
41101,0.8099,0.1694,0.003593,0.000030,0.9994,0,7346
41151,0.8132,0.1642,0.004902,0.000030,0.9993,0,7368
41201,0.8238,0.1571,0.003626,0.000030,0.9993,0,7390
41251,0.8524,0.1547,0.003290,0.000030,0.9994,0,7412
41301,0.7647,0.1634,0.003584,0.000030,0.9992,0,7433
41351,0.8431,0.1625,0.002726,0.000030,0.9993,0,7455
41401,0.7956,0.1574,0.002884,0.000030,0.9993,0,7477
41451,0.8085,0.1548,0.002335,0.000030,0.9994,0,7498
41501,0.7942,0.1664,0.002951,0.000030,0.9991,0,7520
41551,0.8029,0.1527,0.002729,0.000030,0.9991,0,7542
41601,0.8200,0.1513,0.002975,0.000030,0.9993,0,7564
41651,0.8168,0.1583,0.002491,0.000030,0.9993,0,7585
41701,0.8052,0.1654,0.002464,0.000030,0.9992,0,7607
41751,0.8296,0.1457,0.002676,0.000030,0.9991,0,7629
41801,0.7855,0.1547,0.002413,0.000030,0.9992,0,7651
41851,0.8085,0.1538,0.001290,0.000030,0.9991,0,7672
41901,0.8379,0.1511,0.001789,0.000030,0.9994,0,7694
41951,0.8050,0.1479,0.001666,0.000030,0.9994,0,7716
42001,0.8263,0.1542,0.001349,0.000030,0.9993,0,7737
42051,0.7982,0.1487,0.001715,0.000030,0.9992,0,7759
42101,0.8073,0.1457,0.001366,0.000030,0.9994,0,7781
42151,0.8096,0.1449,0.001614,0.000030,0.9993,0,7803
42201,0.8120,0.1472,0.001719,0.000030,0.9992,0,7824
42251,0.7869,0.1494,0.001389,0.000030,0.9994,0,7849
42301,0.7878,0.1535,0.001910,0.000030,0.9994,0,7871
42351,0.8278,0.1492,0.001406,0.000030,0.9993,0,7893
42401,0.7960,0.1485,0.001957,0.000030,0.9992,0,7914
42451,0.7899,0.1399,0.001353,0.000030,0.9993,0,7936
42501,0.7976,0.1477,0.001231,0.000030,0.9993,0,7958
42551,0.8312,0.1457,0.001350,0.000030,0.9994,0,7979
42601,0.7635,0.1473,0.001463,0.000030,0.9991,0,8002
42651,0.7934,0.1462,0.001908,0.000030,0.9994,0,8023
42701,0.8251,0.1435,0.001991,0.000030,0.9993,0,8045
42751,0.7925,0.1552,0.001240,0.000030,0.9992,0,8067
42801,0.8041,0.1469,0.001003,0.000030,0.9993,0,8088
42851,0.8521,0.1409,0.001633,0.000030,0.9993,0,8111
42901,0.8390,0.1516,0.001170,0.000030,0.9994,0,8133
42951,0.8264,0.1393,0.001033,0.000030,0.9993,0,8156
43001,0.7773,0.1442,0.000899,0.000030,0.9994,0,8177
43051,0.8400,0.1478,0.000970,0.000030,0.9994,0,8199
43101,0.7989,0.1405,0.000936,0.000030,0.9994,0,8220
43151,0.8162,0.1346,0.000731,0.000030,0.9992,0,8242
43201,0.8089,0.1463,0.001373,0.000030,0.9992,0,8264
43251,0.7776,0.1457,0.001215,0.000030,0.9992,0,8285
43301,0.8030,0.1394,0.000935,0.000030,0.9992,0,8308
43351,0.8034,0.1449,0.001305,0.000030,0.9993,0,8329
43401,0.8064,0.1417,0.000756,0.000030,0.9993,0,8351
43451,0.8201,0.1424,0.000876,0.000030,0.9993,0,8372
43501,0.8325,0.1419,0.000848,0.000030,0.9993,0,8394
43551,0.7921,0.1432,0.001124,0.000030,0.9993,0,8416
43601,0.8043,0.1339,0.001198,0.000030,0.9991,0,8438
43651,0.8007,0.1404,0.000712,0.000030,0.9995,0,8460
43701,0.8003,0.1380,0.001061,0.000030,0.9992,0,8482
43751,0.7857,0.1365,0.000988,0.000030,0.9992,0,8504
43801,0.7903,0.1404,0.000607,0.000030,0.9992,0,8526
43851,0.8290,0.1350,0.000807,0.000030,0.9993,0,8548
43901,0.7858,0.1390,0.001231,0.000030,0.9994,0,8570
43951,0.7752,0.1447,0.000839,0.000030,0.9991,0,8591
44001,0.7920,0.1416,0.001006,0.000030,0.9994,0,8613
44051,0.8043,0.1420,0.001012,0.000030,0.9993,0,8634
44101,0.8098,0.1355,0.001365,0.000030,0.9993,0,8657
44151,0.8044,0.1391,0.000614,0.000030,0.9993,0,8678
44201,0.7990,0.1379,0.000632,0.000030,0.9993,0,8700
44251,0.8100,0.1357,0.000859,0.000030,0.9993,0,8722
44301,0.8251,0.1376,0.000958,0.000030,0.9994,0,8745
44351,0.7816,0.1385,0.001039,0.000030,0.9992,0,8767
44401,0.7842,0.1382,0.000513,0.000030,0.9993,0,8788
44451,0.7869,0.1388,0.000759,0.000030,0.9992,0,8810
44501,0.8064,0.1345,0.001041,0.000030,0.9993,0,8831
44551,0.7927,0.1356,0.000671,0.000030,0.9993,0,8853
44601,0.8016,0.1348,0.000890,0.000030,0.9992,0,8875
44651,0.7806,0.1338,0.000625,0.000030,0.9995,0,8896
44701,0.8289,0.1345,0.000825,0.000030,0.9993,0,8918
44751,0.8020,0.1334,0.000701,0.000030,0.9992,0,8940
44801,0.7976,0.1371,0.000630,0.000030,0.9992,0,8963
44851,0.8160,0.1285,0.000731,0.000030,0.9993,0,8984
44901,0.7919,0.1306,0.000972,0.000030,0.9994,0,9006
44951,0.8018,0.1344,0.000654,0.000030,0.9991,0,9028
45001,0.8147,0.1391,0.000798,0.000030,0.9993,0,9050
45051,0.7682,0.1310,0.000726,0.000030,0.9993,0,9072
45101,0.7709,0.1361,0.001146,0.000030,0.9993,0,9094
45151,0.7806,0.1322,0.000587,0.000030,0.9994,0,9116
45201,0.8317,0.1260,0.000355,0.000030,0.9991,0,9137
45251,0.7954,0.1368,0.000573,0.000030,0.9991,0,9159
45301,0.7921,0.1343,0.000803,0.000030,0.9990,0,9181
45351,0.8182,0.1332,0.000741,0.000030,0.9993,0,9204
45401,0.7999,0.1350,0.000736,0.000030,0.9993,0,9226
45451,0.8165,0.1337,0.000729,0.000030,0.9991,0,9247
45501,0.8008,0.1341,0.000579,0.000030,0.9993,0,9268
45551,0.8183,0.1267,0.000887,0.000030,0.9992,0,9290
45601,0.7834,0.1293,0.000622,0.000030,0.9993,0,9312
45651,0.7867,0.1315,0.000540,0.000030,0.9993,0,9333
45701,0.7815,0.1373,0.000532,0.000030,0.9994,0,9355
45751,0.7787,0.1246,0.000566,0.000030,0.9993,0,9377
45801,0.7559,0.1374,0.000425,0.000030,0.9991,0,9399
45851,0.7603,0.1315,0.000219,0.000030,0.9992,0,9420
45901,0.8026,0.1351,0.000832,0.000030,0.9993,0,9441
45951,0.7857,0.1318,0.000639,0.000030,0.9994,0,9463
46001,0.8080,0.1308,0.000411,0.000030,0.9991,0,9485
46051,0.8155,0.1278,0.000661,0.000030,0.9993,0,9507
46101,0.8112,0.1352,0.000424,0.000030,0.9994,0,9528
46151,0.7808,0.1281,0.000516,0.000030,0.9993,0,9551
46201,0.8106,0.1339,0.000387,0.000030,0.9992,0,9573
46251,0.7979,0.1332,0.000592,0.000030,0.9992,0,9594
46301,0.7985,0.1315,0.000549,0.000030,0.9993,0,9616
46351,0.8085,0.1327,0.000597,0.000030,0.9993,0,9637
46401,0.8161,0.1325,0.000359,0.000030,0.9991,0,9659
46451,0.8415,0.1233,0.000512,0.000030,0.9993,0,9681
46501,0.7887,0.1289,0.000475,0.000030,0.9992,0,9702
46551,0.7697,0.1367,0.000878,0.000030,0.9992,0,9724
46601,0.7694,0.1384,0.000419,0.000030,0.9993,0,9745
46651,0.7808,0.1314,0.000625,0.000030,0.9994,0,9767
46701,0.7994,0.1281,0.000705,0.000030,0.9993,0,9789
46751,0.7980,0.1302,0.000353,0.000030,0.9992,0,9811
46801,0.7902,0.1290,0.000354,0.000030,0.9991,0,9832
46851,0.8037,0.1312,0.000463,0.000030,0.9994,0,9854
46901,0.8028,0.1377,0.000482,0.000030,0.9992,0,9876
46951,0.7750,0.1336,0.000526,0.000030,0.9993,0,9897
47001,0.8132,0.1202,0.000464,0.000030,0.9994,0,9919
47051,0.7766,0.1254,0.000451,0.000030,0.9994,0,9940
47101,0.8054,0.1270,0.000225,0.000030,0.9993,0,9962
47151,0.7921,0.1309,0.000419,0.000030,0.9994,0,9983
47201,0.8042,0.1275,0.000222,0.000030,0.9994,0,10004
47251,0.7933,0.1324,0.000614,0.000030,0.9993,0,10027
47301,0.7811,0.1253,0.000533,0.000030,0.9991,0,10048
47351,0.7828,0.1219,0.000384,0.000030,0.9993,0,10070
47401,0.8097,0.1294,0.000441,0.000030,0.9995,0,10091
47451,0.8101,0.1268,0.000409,0.000030,0.9994,0,10113
47501,0.8157,0.1291,0.000383,0.000030,0.9994,0,10134
47551,0.8099,0.1350,0.000370,0.000030,0.9992,0,10156
47601,0.7868,0.1246,0.000411,0.000030,0.9994,0,10178
47651,0.7889,0.1279,0.000330,0.000030,0.9994,0,10199
47701,0.7687,0.1317,0.000564,0.000030,0.9991,0,10221
47751,0.7856,0.1252,0.000353,0.000030,0.9992,0,10242
47801,0.8061,0.1194,0.000423,0.000030,0.9991,0,10265
47851,0.7882,0.1230,0.000527,0.000030,0.9993,0,10286
47901,0.7817,0.1270,0.000591,0.000030,0.9992,0,10308
47951,0.7915,0.1231,0.000220,0.000030,0.9992,0,10329
48001,0.8182,0.1230,0.000564,0.000030,0.9994,0,10351
48051,0.8338,0.1234,0.000404,0.000030,0.9993,0,10373
48101,0.7970,0.1267,0.000334,0.000030,0.9993,0,10394
48151,0.7838,0.1312,0.000435,0.000030,0.9993,0,10416
48201,0.7693,0.1275,0.000175,0.000030,0.9993,0,10438
48251,0.8099,0.1278,0.000504,0.000030,0.9993,0,10460
48301,0.7786,0.1253,0.000207,0.000030,0.9991,0,10482
48351,0.8259,0.1223,0.000428,0.000030,0.9991,0,10504
48401,0.7828,0.1249,0.000416,0.000030,0.9992,0,10525
48451,0.8044,0.1222,0.000300,0.000030,0.9992,0,10547
48501,0.8276,0.1175,0.000426,0.000030,0.9993,0,10569
48551,0.8368,0.1226,0.000278,0.000030,0.9993,0,10590
48601,0.8151,0.1267,0.000433,0.000030,0.9993,0,10612
48651,0.8312,0.1204,0.000369,0.000030,0.9993,0,10634
48701,0.8099,0.1252,0.000304,0.000030,0.9993,0,10655
48751,0.7724,0.1219,0.000242,0.000030,0.9993,0,10677
48801,0.8141,0.1188,0.000290,0.000030,0.9992,0,10699
48851,0.7802,0.1296,0.000287,0.000030,0.9991,0,10720
48901,0.7905,0.1251,0.000555,0.000030,0.9993,0,10742
48951,0.7983,0.1276,0.000405,0.000030,0.9992,0,10764
49001,0.7430,0.1277,0.000527,0.000030,0.9991,0,10786
49051,0.7636,0.1305,0.000117,0.000030,0.9992,0,10807
49101,0.8005,0.1233,0.000195,0.000030,0.9993,0,10829
49151,0.7802,0.1211,0.000208,0.000030,0.9991,0,10850
49201,0.7989,0.1201,0.000346,0.000030,0.9993,0,10873
49251,0.8251,0.1138,0.000462,0.000030,0.9993,0,10894
49301,0.8220,0.1270,0.000344,0.000030,0.9994,0,10917
49351,0.7797,0.1253,0.000301,0.000030,0.9991,0,10938
49401,0.7914,0.1293,0.000311,0.000030,0.9993,0,10960
49451,0.7773,0.1265,0.000310,0.000030,0.9993,0,10982
49501,0.7624,0.1244,0.000317,0.000030,0.9992,0,11004
49551,0.7869,0.1211,0.000371,0.000030,0.9991,0,11025
49601,0.8259,0.1212,0.000131,0.000030,0.9992,0,11047
49651,0.7660,0.1201,0.000157,0.000030,0.9991,0,11069
49701,0.7702,0.1225,0.000192,0.000030,0.9993,0,11091
49751,0.7679,0.1243,0.000195,0.000030,0.9993,0,11113
49801,0.7602,0.1242,0.000352,0.000030,0.9990,0,11135
49851,0.8034,0.1217,0.000224,0.000030,0.9992,0,11157
49901,0.8060,0.1248,0.000484,0.000030,0.9992,0,11179
49951,0.7904,0.1264,0.000275,0.000030,0.9993,0,11201
50000,0.7667,0.1284,0.000000,0.000030,0.9993,0,11221
