step,lang_loss,tri_loss,lr,entropy,dead_bits,elapsed_s
1,8.4305,0.0000,0.000001,0.7806,4,1
51,7.0110,0.0000,0.000031,0.1825,49,9
101,5.8303,0.0000,0.000061,0.6444,7,18
151,4.9669,0.0000,0.000091,0.7881,1,26
201,4.5699,0.0000,0.000121,0.8696,0,35
251,4.2604,0.0000,0.000151,0.9029,0,43
301,4.0199,0.0000,0.000181,0.9212,0,52
351,3.7876,0.0000,0.000211,0.9288,0,61
401,3.7129,0.0000,0.000241,0.9444,0,69
451,3.6252,0.0000,0.000271,0.9519,0,78
501,3.4304,0.0000,0.000300,0.9548,0,86
551,3.3533,0.0000,0.000300,0.9522,0,95
601,3.2124,0.0000,0.000300,0.9605,0,103
651,3.1648,0.0000,0.000300,0.9587,0,112
701,2.9677,0.0000,0.000300,0.9598,0,120
751,3.0697,0.0000,0.000300,0.9597,0,129
801,2.8154,0.0000,0.000300,0.9673,0,138
851,2.8137,0.0000,0.000300,0.9630,0,146
901,2.7462,0.0000,0.000300,0.9697,0,155
951,2.6957,0.0000,0.000300,0.9664,0,163
1001,2.6158,0.0000,0.000300,0.9713,0,172
1051,2.5766,0.0000,0.000300,0.9697,0,180
1101,2.5813,0.0000,0.000300,0.9706,0,189
1151,2.5662,0.0000,0.000300,0.9730,0,198
1201,2.4441,0.0000,0.000300,0.9712,0,206
1251,2.4325,0.0000,0.000300,0.9741,0,215
1301,2.3724,0.0000,0.000300,0.9687,0,223
1351,2.4792,0.0000,0.000300,0.9712,0,232
1401,2.4244,0.0000,0.000300,0.9739,0,240
1451,2.3376,0.0000,0.000300,0.9711,0,249
1501,2.2810,0.0000,0.000300,0.9755,0,257
1551,2.2395,0.0000,0.000300,0.9699,0,266
1601,2.2477,0.0000,0.000300,0.9693,0,275
1651,2.1897,0.0000,0.000300,0.9739,0,283
1701,2.2260,0.0000,0.000300,0.9729,0,292
1751,2.1794,0.0000,0.000300,0.9746,0,300
1801,2.1848,0.0000,0.000299,0.9722,0,309
1851,2.1584,0.0000,0.000299,0.9783,0,317
1901,2.1807,0.0000,0.000299,0.9770,0,326
1951,2.0708,0.0000,0.000299,0.9801,0,335
2001,2.1604,0.0000,0.000299,0.9765,0,343
2051,2.0732,0.0000,0.000299,0.9777,0,352
2101,2.0320,0.0000,0.000299,0.9792,0,360
2151,2.0620,0.0000,0.000299,0.9771,0,369
2201,2.1076,0.0000,0.000299,0.9793,0,377
2251,2.0438,0.0000,0.000299,0.9782,0,386
2301,2.0216,0.0000,0.000299,0.9765,0,395
2351,2.0715,0.0000,0.000299,0.9803,0,403
2401,2.0495,0.0000,0.000299,0.9786,0,412
2451,1.9707,0.0000,0.000299,0.9790,0,420
2501,2.0175,0.0000,0.000299,0.9770,0,429
2551,2.0278,0.0000,0.000299,0.9816,0,437
2601,1.9646,0.0000,0.000299,0.9748,0,446
2651,1.9860,0.0000,0.000299,0.9804,0,455
2701,1.9566,0.0000,0.000299,0.9778,0,463
2751,1.9849,0.0000,0.000298,0.9760,0,472
2801,1.8730,0.0000,0.000298,0.9796,0,480
2851,1.9561,0.0000,0.000298,0.9793,0,489
2901,1.9058,0.0000,0.000298,0.9809,0,497
2951,2.0019,0.0000,0.000298,0.9816,0,506
3001,1.9464,0.0000,0.000298,0.9813,0,515
3051,1.8994,0.0000,0.000298,0.9797,0,523
3101,1.9583,0.0000,0.000298,0.9779,0,532
3151,1.8912,0.0000,0.000298,0.9792,0,540
3201,1.8723,0.0000,0.000298,0.9778,0,549
3251,1.8678,0.0000,0.000298,0.9817,0,557
3301,1.8897,0.0000,0.000298,0.9800,0,566
3351,1.8176,0.0000,0.000298,0.9811,0,575
3401,1.8744,0.0000,0.000297,0.9796,0,583
3451,1.8788,0.0000,0.000297,0.9802,0,592
3501,1.8239,0.0000,0.000297,0.9802,0,600
3551,1.8721,0.0000,0.000297,0.9794,0,609
3601,1.8022,0.0000,0.000297,0.9809,0,617
3651,1.8065,0.0000,0.000297,0.9804,0,626
3701,1.8334,0.0000,0.000297,0.9769,0,635
3751,1.8182,0.0000,0.000297,0.9814,0,643
3801,1.7885,0.0000,0.000297,0.9809,0,652
3851,1.8833,0.0000,0.000297,0.9770,0,660
3901,1.8381,0.0000,0.000297,0.9831,0,669
3951,1.8026,0.0000,0.000296,0.9821,0,677
4001,1.8948,0.0000,0.000296,0.9763,0,686
4051,1.7668,0.0000,0.000296,0.9824,0,695
4101,1.7890,0.0000,0.000296,0.9771,0,703
4151,1.7525,0.0000,0.000296,0.9800,0,712
4201,1.7924,0.0000,0.000296,0.9830,0,720
4251,1.7177,0.0000,0.000296,0.9815,0,729
4301,1.7121,0.0000,0.000296,0.9826,0,737
4351,1.8001,0.0000,0.000296,0.9802,0,746
4401,1.7536,0.0000,0.000295,0.9813,0,755
4451,1.7760,0.0000,0.000295,0.9813,0,763
4501,1.6672,0.0000,0.000295,0.9814,0,772
4551,1.7260,0.0000,0.000295,0.9830,0,780
4601,1.8206,0.0000,0.000295,0.9827,0,789
4651,1.6991,0.0000,0.000295,0.9815,0,797
4701,1.7172,0.0000,0.000295,0.9846,0,806
4751,1.7292,0.0000,0.000295,0.9817,0,815
4801,1.7723,0.0000,0.000294,0.9826,0,823
4851,1.6788,0.0000,0.000294,0.9840,0,832
4901,1.6670,0.0000,0.000294,0.9818,0,840
4951,1.7149,0.0000,0.000294,0.9828,0,849
5001,1.6782,0.0000,0.000294,0.9825,0,857
5051,1.7017,0.0000,0.000294,0.9788,0,866
5101,1.6920,0.0000,0.000294,0.9787,0,875
5151,1.7088,0.0000,0.000294,0.9831,0,883
5201,1.7484,0.0000,0.000293,0.9822,0,892
5251,1.6384,0.0000,0.000293,0.9812,0,900
5301,1.7131,0.0000,0.000293,0.9843,0,909
5351,1.6301,0.0000,0.000293,0.9828,0,917
5401,1.6496,0.0000,0.000293,0.9818,0,926
5451,1.6213,0.0000,0.000293,0.9805,0,934
5501,1.6290,0.0000,0.000293,0.9832,0,943
5551,1.6652,0.0000,0.000292,0.9806,0,952
5601,1.6549,0.0000,0.000292,0.9801,0,960
5651,1.6549,0.0000,0.000292,0.9801,0,969
5701,1.5873,0.0000,0.000292,0.9809,0,977
5751,1.6664,0.0000,0.000292,0.9812,0,986
5801,1.6300,0.0000,0.000292,0.9832,0,994
5851,1.7101,0.0000,0.000291,0.9807,0,1003
5901,1.6089,0.0000,0.000291,0.9826,0,1012
5951,1.6367,0.0000,0.000291,0.9820,0,1020
6001,1.6266,0.0000,0.000291,0.9788,0,1029
6051,1.6149,0.0000,0.000291,0.9824,0,1037
6101,1.6714,0.0000,0.000291,0.9786,0,1046
6151,1.6130,0.0000,0.000290,0.9839,0,1054
6201,1.6175,0.0000,0.000290,0.9839,0,1063
6251,1.5720,0.0000,0.000290,0.9816,0,1072
6301,1.5823,0.0000,0.000290,0.9837,0,1080
6351,1.6084,0.0000,0.000290,0.9799,0,1089
6401,1.5980,0.0000,0.000290,0.9824,0,1097
6451,1.6192,0.0000,0.000289,0.9813,0,1106
6501,1.5396,0.0000,0.000289,0.9831,0,1114
6551,1.6057,0.0000,0.000289,0.9818,0,1123
6601,1.5682,0.0000,0.000289,0.9832,0,1132
6651,1.6417,0.0000,0.000289,0.9819,0,1140
6701,1.6545,0.0000,0.000289,0.9830,0,1149
6751,1.6028,0.0000,0.000288,0.9804,0,1157
6801,1.6171,0.0000,0.000288,0.9807,0,1166
6851,1.5688,0.0000,0.000288,0.9806,0,1174
6901,1.5428,0.0000,0.000288,0.9837,0,1183
6951,1.5789,0.0000,0.000288,0.9815,0,1192
7001,1.5691,0.0000,0.000287,0.9836,0,1200
7051,1.5020,0.0000,0.000287,0.9821,0,1209
7101,1.5503,0.0000,0.000287,0.9823,0,1217
7151,1.5080,0.0000,0.000287,0.9825,0,1226
7201,1.6297,0.0000,0.000287,0.9806,0,1234
7251,1.5759,0.0000,0.000286,0.9802,0,1243
7301,1.5714,0.0000,0.000286,0.9811,0,1252
7351,1.5756,0.0000,0.000286,0.9831,0,1260
7401,1.5779,0.0000,0.000286,0.9847,0,1269
7451,1.5679,0.0000,0.000286,0.9820,0,1277
7501,1.5314,0.0000,0.000285,0.9840,0,1286
7551,1.5088,0.0000,0.000285,0.9822,0,1294
7601,1.5322,0.0000,0.000285,0.9818,0,1303
7651,1.4226,0.0000,0.000285,0.9825,0,1312
7701,1.5249,0.0000,0.000285,0.9815,0,1320
7751,1.5352,0.0000,0.000284,0.9833,0,1329
7801,1.5893,0.0000,0.000284,0.9811,0,1337
7851,1.5507,0.0000,0.000284,0.9783,0,1346
7901,1.5184,0.0000,0.000284,0.9815,0,1354
7951,1.4744,0.0000,0.000284,0.9815,0,1363
8001,1.4826,0.0000,0.000283,0.9829,0,1372
8051,1.5139,0.0000,0.000283,0.9835,0,1380
8101,1.4481,0.0000,0.000283,0.9813,0,1389
8151,1.5156,0.0000,0.000283,0.9817,0,1397
8201,1.5019,0.0000,0.000282,0.9820,0,1406
8251,1.5330,0.0000,0.000282,0.9801,0,1414
8301,1.4782,0.0000,0.000282,0.9833,0,1423
8351,1.5149,0.0000,0.000282,0.9795,0,1432
8401,1.5325,0.0000,0.000282,0.9796,0,1440
8451,1.4498,0.0000,0.000281,0.9823,0,1449
8501,1.4880,0.0000,0.000281,0.9811,0,1457
8551,1.4253,0.0000,0.000281,0.9830,0,1466
8601,1.4203,0.0000,0.000281,0.9805,0,1474
8651,1.4772,0.0000,0.000280,0.9816,0,1483
8701,1.4830,0.0000,0.000280,0.9808,0,1492
8751,1.5176,0.0000,0.000280,0.9807,0,1500
8801,1.5310,0.0000,0.000280,0.9822,0,1509
8851,1.5376,0.0000,0.000279,0.9789,0,1517
8901,1.5062,0.0000,0.000279,0.9821,0,1526
8951,1.4656,0.0000,0.000279,0.9808,0,1534
9001,1.4474,0.0000,0.000279,0.9804,0,1543
9051,1.5557,0.0000,0.000278,0.9797,0,1552
9101,1.4346,0.0000,0.000278,0.9802,0,1560
9151,1.4480,0.0000,0.000278,0.9822,0,1569
9201,1.4484,0.0000,0.000278,0.9809,0,1577
9251,1.5013,0.0000,0.000277,0.9810,0,1586
9301,1.3983,0.0000,0.000277,0.9843,0,1594
9351,1.5260,0.0000,0.000277,0.9797,0,1603
9401,1.4784,0.0000,0.000277,0.9832,0,1612
9451,1.4336,0.0000,0.000276,0.9817,0,1620
9501,1.4567,0.0000,0.000276,0.9828,0,1629
9551,1.4884,0.0000,0.000276,0.9806,0,1637
9601,1.4170,0.0000,0.000276,0.9829,0,1646
9651,1.4464,0.0000,0.000275,0.9804,0,1654
9701,1.4666,0.0000,0.000275,0.9818,0,1663
9751,1.4897,0.0000,0.000275,0.9809,0,1672
9801,1.4876,0.0000,0.000275,0.9827,0,1680
9851,1.4233,0.0000,0.000274,0.9808,0,1689
9901,1.3781,0.0000,0.000274,0.9826,0,1697
9951,1.5036,0.0000,0.000274,0.9822,0,1706
10001,1.4209,0.0000,0.000274,0.9829,0,1714
10051,1.3361,0.0000,0.000273,0.9821,0,1723
10101,1.3844,0.0000,0.000273,0.9818,0,1732
10151,1.4316,0.0000,0.000273,0.9814,0,1740
10201,1.4213,0.0000,0.000272,0.9798,0,1749
10251,1.4432,0.0000,0.000272,0.9802,0,1757
10301,1.4222,0.0000,0.000272,0.9839,0,1766
10351,1.4486,0.0000,0.000272,0.9799,0,1774
10401,1.3792,0.0000,0.000271,0.9810,0,1783
10451,1.4420,0.0000,0.000271,0.9806,0,1792
10501,1.4162,0.0000,0.000271,0.9804,0,1800
10551,1.4010,0.0000,0.000271,0.9806,0,1809
10601,1.4181,0.0000,0.000270,0.9792,0,1817
10651,1.3810,0.0000,0.000270,0.9823,0,1826
10701,1.4155,0.0000,0.000270,0.9792,0,1834
10751,1.4295,0.0000,0.000269,0.9789,0,1843
10801,1.4319,0.0000,0.000269,0.9776,0,1852
10851,1.4515,0.0000,0.000269,0.9790,0,1860
10901,1.4008,0.0000,0.000268,0.9790,0,1869
10951,1.4009,0.0000,0.000268,0.9789,0,1877
11001,1.4200,0.0000,0.000268,0.9798,0,1886
11051,1.3984,0.0000,0.000268,0.9805,0,1894
11101,1.4353,0.0000,0.000267,0.9818,0,1903
11151,1.3773,0.0000,0.000267,0.9817,0,1912
11201,1.3481,0.0000,0.000267,0.9816,0,1920
11251,1.3762,0.0000,0.000266,0.9825,0,1929
11301,1.3480,0.0000,0.000266,0.9821,0,1937
11351,1.3862,0.0000,0.000266,0.9808,0,1946
11401,1.4136,0.0000,0.000266,0.9803,0,1954
11451,1.3068,0.0000,0.000265,0.9818,0,1963
11501,1.3948,0.0000,0.000265,0.9795,0,1972
11551,1.4047,0.0000,0.000265,0.9777,0,1980
11601,1.3400,0.0000,0.000264,0.9823,0,1989
11651,1.4372,0.0000,0.000264,0.9818,0,1997
11701,1.3600,0.0000,0.000264,0.9807,0,2006
11751,1.3789,0.0000,0.000263,0.9793,0,2014
11801,1.3549,0.0000,0.000263,0.9812,0,2023
11851,1.3405,0.0000,0.000263,0.9786,0,2032
11901,1.3308,0.0000,0.000262,0.9788,0,2040
11951,1.3345,0.0000,0.000262,0.9800,0,2049
12001,1.3268,0.0000,0.000262,0.9812,0,2057
12051,1.3766,0.0000,0.000261,0.9791,0,2066
12101,1.3831,0.0000,0.000261,0.9802,0,2074
12151,1.3767,0.0000,0.000261,0.9820,0,2083
12201,1.3679,0.0000,0.000261,0.9811,0,2092
12251,1.3978,0.0000,0.000260,0.9808,0,2100
12301,1.3464,0.0000,0.000260,0.9799,0,2109
12351,1.3336,0.0000,0.000260,0.9802,0,2117
12401,1.3648,0.0000,0.000259,0.9788,0,2126
12451,1.3412,0.0000,0.000259,0.9778,0,2134
12501,1.3050,0.0000,0.000259,0.9788,0,2143
12551,1.3708,0.0000,0.000258,0.9803,0,2152
12601,1.3136,0.0000,0.000258,0.9801,0,2160
12651,1.3331,0.0000,0.000258,0.9807,0,2169
12701,1.3297,0.0000,0.000257,0.9792,0,2177
12751,1.2991,0.0000,0.000257,0.9772,0,2186
12801,1.2848,0.0000,0.000257,0.9797,0,2194
12851,1.3033,0.0000,0.000256,0.9811,0,2203
12901,1.2854,0.0000,0.000256,0.9782,0,2212
12951,1.3233,0.0000,0.000256,0.9812,0,2220
13001,1.3266,0.0000,0.000255,0.9805,0,2229
13051,1.3403,0.0000,0.000255,0.9787,0,2237
13101,1.3355,0.0000,0.000255,0.9798,0,2246
13151,1.2638,0.0000,0.000254,0.9802,0,2254
13201,1.2823,0.0000,0.000254,0.9819,0,2263
13251,1.2823,0.0000,0.000254,0.9766,0,2272
13301,1.2565,0.0000,0.000253,0.9786,0,2280
13351,1.3271,0.0000,0.000253,0.9809,0,2289
13401,1.3191,0.0000,0.000252,0.9787,0,2297
13451,1.3150,0.0000,0.000252,0.9803,0,2306
13501,1.3215,0.0000,0.000252,0.9776,0,2314
13551,1.3029,0.0000,0.000251,0.9786,0,2323
13601,1.3110,0.0000,0.000251,0.9797,0,2332
13651,1.2138,0.0000,0.000251,0.9806,0,2340
13701,1.3347,0.0000,0.000250,0.9801,0,2349
13751,1.2784,0.0000,0.000250,0.9793,0,2357
13801,1.3414,0.0000,0.000250,0.9800,0,2366
13851,1.3197,0.0000,0.000249,0.9820,0,2374
13901,1.2800,0.0000,0.000249,0.9783,0,2383
13951,1.2819,0.0000,0.000249,0.9816,0,2392
14001,1.2926,0.0000,0.000248,0.9783,0,2400
14051,1.3268,0.0000,0.000248,0.9791,0,2409
14101,1.2457,0.0000,0.000248,0.9823,0,2417
14151,1.2715,0.0000,0.000247,0.9801,0,2426
14201,1.3176,0.0000,0.000247,0.9803,0,2434
14251,1.2768,0.0000,0.000246,0.9817,0,2443
14301,1.2586,0.0000,0.000246,0.9811,0,2452
14351,1.2769,0.0000,0.000246,0.9802,0,2460
14401,1.2923,0.0000,0.000245,0.9799,0,2469
14451,1.2814,0.0000,0.000245,0.9804,0,2477
14501,1.2865,0.0000,0.000245,0.9813,0,2486
14551,1.2185,0.0000,0.000244,0.9826,0,2494
14601,1.3029,0.0000,0.000244,0.9810,0,2503
14651,1.2885,0.0000,0.000243,0.9803,0,2512
14701,1.2524,0.0000,0.000243,0.9812,0,2520
14751,1.2804,0.0000,0.000243,0.9758,0,2529
14801,1.2691,0.0000,0.000242,0.9821,0,2537
14851,1.3049,0.0000,0.000242,0.9805,0,2546
14901,1.2140,0.0000,0.000242,0.9809,0,2554
14951,1.3047,0.0000,0.000241,0.9793,0,2563
15001,1.2898,0.0000,0.000241,0.9790,0,2572
15051,1.2366,0.0000,0.000240,0.9801,0,2580
15101,1.2630,0.0000,0.000240,0.9805,0,2589
15151,1.3082,0.0000,0.000240,0.9799,0,2597
15201,1.2679,0.0000,0.000239,0.9794,0,2606
15251,1.1893,0.0000,0.000239,0.9824,0,2614
15301,1.2349,0.0000,0.000239,0.9800,0,2623
15351,1.2198,0.0000,0.000238,0.9815,0,2632
15401,1.2846,0.0000,0.000238,0.9786,0,2640
15451,1.2713,0.0000,0.000237,0.9804,0,2649
15501,1.2977,0.0000,0.000237,0.9796,0,2657
15551,1.2603,0.0000,0.000237,0.9816,0,2666
15601,1.2175,0.0000,0.000236,0.9804,0,2674
15651,1.2956,0.0000,0.000236,0.9826,0,2683
15701,1.2398,0.0000,0.000235,0.9802,0,2691
15751,1.2215,0.0000,0.000235,0.9819,0,2700
15801,1.2740,0.0000,0.000235,0.9781,0,2709
15851,1.2749,0.0000,0.000234,0.9780,0,2717
15901,1.1988,0.0000,0.000234,0.9796,0,2726
15951,1.2269,0.0000,0.000233,0.9824,0,2734
16001,1.1566,0.0000,0.000233,0.9816,0,2743
16051,1.2499,0.0000,0.000233,0.9814,0,2751
16101,1.1707,0.0000,0.000232,0.9811,0,2760
16151,1.1889,0.0000,0.000232,0.9807,0,2769
16201,1.2481,0.0000,0.000231,0.9776,0,2777
16251,1.2159,0.0000,0.000231,0.9829,0,2786
16301,1.1909,0.0000,0.000231,0.9809,0,2794
16351,1.2568,0.0000,0.000230,0.9799,0,2803
16401,1.2490,0.0000,0.000230,0.9793,0,2811
16451,1.2249,0.0000,0.000229,0.9803,0,2820
16501,1.2269,0.0000,0.000229,0.9801,0,2829
16551,1.2113,0.0000,0.000229,0.9789,0,2837
16601,1.2400,0.0000,0.000228,0.9810,0,2846
16651,1.1982,0.0000,0.000228,0.9799,0,2854
16701,1.2423,0.0000,0.000227,0.9792,0,2863
16751,1.2520,0.0000,0.000227,0.9806,0,2871
16801,1.1960,0.0000,0.000227,0.9790,0,2880
16851,1.2227,0.0000,0.000226,0.9813,0,2889
16901,1.2190,0.0000,0.000226,0.9786,0,2897
16951,1.2106,0.0000,0.000225,0.9794,0,2906
17001,1.2230,0.0000,0.000225,0.9796,0,2914
17051,1.1739,0.0000,0.000225,0.9791,0,2923
17101,1.1816,0.0000,0.000224,0.9779,0,2931
17151,1.1773,0.0000,0.000224,0.9778,0,2940
17201,1.1568,0.0000,0.000223,0.9781,0,2949
17251,1.1846,0.0000,0.000223,0.9794,0,2957
17301,1.1593,0.0000,0.000223,0.9813,0,2966
17351,1.1300,0.0000,0.000222,0.9838,0,2974
17401,1.1558,0.0000,0.000222,0.9789,0,2983
17451,1.1792,0.0000,0.000221,0.9799,0,2991
17501,1.2404,0.0000,0.000221,0.9799,0,3000
17551,1.1724,0.0000,0.000220,0.9812,0,3009
17601,1.1872,0.0000,0.000220,0.9797,0,3017
17651,1.2144,0.0000,0.000220,0.9799,0,3026
17701,1.1495,0.0000,0.000219,0.9801,0,3034
17751,1.1678,0.0000,0.000219,0.9797,0,3043
17801,1.1949,0.0000,0.000218,0.9824,0,3051
17851,1.1957,0.0000,0.000218,0.9801,0,3060
17901,1.1694,0.0000,0.000217,0.9806,0,3069
17951,1.1476,0.0000,0.000217,0.9807,0,3077
18001,1.1644,0.0000,0.000217,0.9784,0,3086
18051,1.2144,0.0000,0.000216,0.9817,0,3094
18101,1.2594,0.0000,0.000216,0.9818,0,3103
18151,1.1355,0.0000,0.000215,0.9815,0,3111
18201,1.1804,0.0000,0.000215,0.9809,0,3120
18251,1.1155,0.0000,0.000214,0.9798,0,3129
18301,1.1925,0.0000,0.000214,0.9809,0,3137
18351,1.2510,0.0000,0.000214,0.9806,0,3146
18401,1.1997,0.0000,0.000213,0.9800,0,3154
18451,1.1792,0.0000,0.000213,0.9806,0,3163
18501,1.1225,0.0000,0.000212,0.9802,0,3171
18551,1.1214,0.0000,0.000212,0.9802,0,3180
18601,1.1373,0.0000,0.000211,0.9801,0,3189
18651,1.1407,0.0000,0.000211,0.9808,0,3197
18701,1.1322,0.0000,0.000211,0.9812,0,3206
18751,1.1208,0.0000,0.000210,0.9801,0,3214
18801,1.1947,0.0000,0.000210,0.9805,0,3223
18851,1.1859,0.0000,0.000209,0.9816,0,3231
18901,1.1069,0.0000,0.000209,0.9799,0,3240
18951,1.2183,0.0000,0.000208,0.9795,0,3249
19001,1.1694,0.0000,0.000208,0.9797,0,3257
19051,1.1316,0.0000,0.000208,0.9794,0,3266
19101,1.1572,0.0000,0.000207,0.9792,0,3274
19151,1.1335,0.0000,0.000207,0.9827,0,3283
19201,1.1671,0.0000,0.000206,0.9798,0,3291
19251,1.1647,0.0000,0.000206,0.9787,0,3300
19301,1.1044,0.0000,0.000205,0.9808,0,3309
19351,1.1297,0.0000,0.000205,0.9820,0,3317
19401,1.1924,0.0000,0.000204,0.9800,0,3326
19451,1.1556,0.0000,0.000204,0.9798,0,3334
19501,1.1515,0.0000,0.000204,0.9827,0,3343
19551,1.1328,0.0000,0.000203,0.9822,0,3351
19601,1.1256,0.0000,0.000203,0.9835,0,3360
19651,1.1781,0.0000,0.000202,0.9811,0,3369
19701,1.1550,0.0000,0.000202,0.9804,0,3377
19751,1.1576,0.0000,0.000201,0.9818,0,3386
19801,1.1462,0.0000,0.000201,0.9818,0,3394
19851,1.1756,0.0000,0.000200,0.9819,0,3403
19901,1.1688,0.0000,0.000200,0.9819,0,3411
19951,1.1241,0.0000,0.000200,0.9813,0,3420
20001,1.1420,0.0000,0.000199,0.9830,0,3429
20051,1.1119,0.0000,0.000199,0.9815,0,3437
20101,1.0867,0.0000,0.000198,0.9834,0,3446
20151,1.1689,0.0000,0.000198,0.9813,0,3454
20201,1.1156,0.0000,0.000197,0.9805,0,3463
20251,1.1281,0.0000,0.000197,0.9786,0,3471
20301,1.1045,0.0000,0.000196,0.9814,0,3480
20351,1.1359,0.0000,0.000196,0.9822,0,3489
20401,1.1576,0.0000,0.000195,0.9809,0,3497
20451,1.1223,0.0000,0.000195,0.9807,0,3506
20501,1.1655,0.0000,0.000195,0.9800,0,3514
20551,1.1384,0.0000,0.000194,0.9824,0,3523
20601,1.1288,0.0000,0.000194,0.9815,0,3531
20651,1.1212,0.0000,0.000193,0.9798,0,3540
20701,1.1427,0.0000,0.000193,0.9813,0,3549
20751,1.1224,0.0000,0.000192,0.9801,0,3557
20801,1.1064,0.0000,0.000192,0.9821,0,3566
20851,1.0844,0.0000,0.000191,0.9822,0,3574
20901,1.1153,0.0000,0.000191,0.9825,0,3583
20951,1.1520,0.0000,0.000190,0.9809,0,3591
21001,1.0568,0.0000,0.000190,0.9824,0,3600
21051,1.1058,0.0000,0.000190,0.9799,0,3609
21101,1.0772,0.0000,0.000189,0.9821,0,3617
21151,1.1272,0.0000,0.000189,0.9809,0,3626
21201,1.1574,0.0000,0.000188,0.9795,0,3634
21251,1.0992,0.0000,0.000188,0.9811,0,3643
21301,1.0993,0.0000,0.000187,0.9806,0,3651
21351,1.0908,0.0000,0.000187,0.9831,0,3660
21401,1.0922,0.0000,0.000186,0.9815,0,3669
21451,1.0891,0.0000,0.000186,0.9819,0,3677
21501,1.1189,0.0000,0.000185,0.9821,0,3686
21551,1.0824,0.0000,0.000185,0.9810,0,3694
21601,1.0735,0.0000,0.000184,0.9818,0,3703
21651,1.0736,0.0000,0.000184,0.9830,0,3711
21701,1.0840,0.0000,0.000184,0.9806,0,3720
21751,1.0647,0.0000,0.000183,0.9830,0,3729
21801,1.0930,0.0000,0.000183,0.9813,0,3737
21851,1.1039,0.0000,0.000182,0.9821,0,3746
21901,1.0827,0.0000,0.000182,0.9833,0,3754
21951,1.1153,0.0000,0.000181,0.9806,0,3763
22001,1.0955,0.0000,0.000181,0.9809,0,3771
22051,1.0545,0.0000,0.000180,0.9828,0,3780
22101,1.0714,0.0000,0.000180,0.9820,0,3789
22151,1.0454,0.0000,0.000179,0.9820,0,3797
22201,1.0557,0.0000,0.000179,0.9837,0,3806
22251,1.1149,0.0000,0.000178,0.9809,0,3814
22301,1.0798,0.0000,0.000178,0.9800,0,3823
22351,1.1132,0.0000,0.000177,0.9812,0,3831
22401,1.0133,0.0000,0.000177,0.9822,0,3840
22451,1.0708,0.0000,0.000177,0.9834,0,3849
22501,1.1174,0.0000,0.000176,0.9805,0,3857
22551,1.0546,0.0000,0.000176,0.9822,0,3866
22601,1.1289,0.0000,0.000175,0.9814,0,3874
22651,1.1113,0.0000,0.000175,0.9796,0,3883
22701,1.1214,0.0000,0.000174,0.9809,0,3891
22751,1.0795,0.0000,0.000174,0.9820,0,3900
22801,1.0789,0.0000,0.000173,0.9799,0,3909
22851,1.0847,0.0000,0.000173,0.9805,0,3917
22901,1.0314,0.0000,0.000172,0.9824,0,3926
22951,1.0609,0.0000,0.000172,0.9841,0,3934
23001,1.0648,0.0000,0.000171,0.9818,0,3943
23051,1.0345,0.0000,0.000171,0.9824,0,3951
23101,1.0645,0.0000,0.000170,0.9825,0,3960
23151,1.0869,0.0000,0.000170,0.9817,0,3968
23201,1.0213,0.0000,0.000169,0.9820,0,3977
23251,1.0603,0.0000,0.000169,0.9820,0,3986
23301,1.0976,0.0000,0.000169,0.9810,0,3994
23351,1.1194,0.0000,0.000168,0.9831,0,4003
23401,1.0613,0.0000,0.000168,0.9824,0,4011
23451,1.0523,0.0000,0.000167,0.9824,0,4020
23501,1.0655,0.0000,0.000167,0.9833,0,4028
23551,1.0288,0.0000,0.000166,0.9824,0,4037
23601,1.0647,0.0000,0.000166,0.9818,0,4046
23651,1.0747,0.0000,0.000165,0.9828,0,4054
23701,1.0275,0.0000,0.000165,0.9830,0,4063
23751,1.0004,0.0000,0.000164,0.9826,0,4071
23801,1.0420,0.0000,0.000164,0.9815,0,4080
23851,1.0287,0.0000,0.000163,0.9815,0,4088
23901,1.0654,0.0000,0.000163,0.9817,0,4097
23951,1.0758,0.0000,0.000162,0.9835,0,4106
24001,1.0609,0.0000,0.000162,0.9813,0,4114
24051,1.0009,0.0000,0.000161,0.9813,0,4123
24101,1.0068,0.0000,0.000161,0.9817,0,4131
24151,1.0514,0.0000,0.000160,0.9816,0,4140
24201,1.0313,0.0000,0.000160,0.9820,0,4148
24251,0.9893,0.0000,0.000160,0.9825,0,4157
24301,1.0510,0.0000,0.000159,0.9824,0,4166
24351,1.0196,0.0000,0.000159,0.9825,0,4174
24401,1.0172,0.0000,0.000158,0.9832,0,4183
24451,0.9652,0.0000,0.000158,0.9832,0,4191
24501,1.0793,0.0000,0.000157,0.9822,0,4200
24551,1.0616,0.0000,0.000157,0.9814,0,4208
24601,1.0359,0.0000,0.000156,0.9829,0,4217
24651,1.0862,0.0000,0.000156,0.9838,0,4226
24701,1.0489,0.0000,0.000155,0.9833,0,4234
24751,1.0257,0.0000,0.000155,0.9811,0,4243
24801,1.0023,0.0000,0.000154,0.9803,0,4251
24851,1.0756,0.0000,0.000154,0.9812,0,4260
24901,0.9962,0.0000,0.000153,0.9827,0,4268
24951,1.0714,0.0000,0.000153,0.9815,0,4277
25001,0.9808,0.0000,0.000152,0.9842,0,4286
25051,1.0519,0.0000,0.000152,0.9830,0,4294
25101,1.0499,0.0000,0.000151,0.9834,0,4303
25151,0.9923,0.0000,0.000151,0.9829,0,4311
25201,1.0062,0.0000,0.000150,0.9813,0,4320
25251,1.0163,0.0000,0.000150,0.9838,0,4328
25301,1.0237,0.0000,0.000150,0.9814,0,4337
25351,1.0265,0.0000,0.000149,0.9821,0,4346
25401,1.0065,0.0000,0.000149,0.9828,0,4354
25451,1.0253,0.0000,0.000148,0.9820,0,4363
25501,1.0136,0.0000,0.000148,0.9819,0,4371
25551,1.0075,0.0000,0.000147,0.9832,0,4380
25601,1.0395,0.0000,0.000147,0.9814,0,4388
25651,1.0247,0.0000,0.000146,0.9838,0,4397
25701,0.9881,0.0000,0.000146,0.9828,0,4406
25751,1.0305,0.0000,0.000145,0.9829,0,4414
25801,1.0225,0.0000,0.000145,0.9834,0,4423
25851,0.9817,0.0000,0.000144,0.9833,0,4431
25901,1.0628,0.0000,0.000144,0.9827,0,4440
25951,1.0247,0.0000,0.000143,0.9820,0,4448
26001,0.9880,0.0000,0.000143,0.9847,0,4457
26051,1.0446,0.0000,0.000142,0.9830,0,4466
26101,0.9660,0.0000,0.000142,0.9822,0,4474
26151,0.9791,0.0000,0.000141,0.9814,0,4483
26201,0.9681,0.0000,0.000141,0.9824,0,4491
26251,0.9678,0.0000,0.000140,0.9833,0,4500
26301,1.0261,0.0000,0.000140,0.9826,0,4508
26351,1.0417,0.0000,0.000140,0.9799,0,4517
26401,1.0454,0.0000,0.000139,0.9825,0,4526
26451,1.0588,0.0000,0.000139,0.9851,0,4534
26501,0.9999,0.0000,0.000138,0.9815,0,4543
26551,0.9776,0.0000,0.000138,0.9827,0,4551
26601,0.9569,0.0000,0.000137,0.9814,0,4560
26651,0.9730,0.0000,0.000137,0.9829,0,4568
26701,0.9841,0.0000,0.000136,0.9832,0,4577
26751,0.9493,0.0000,0.000136,0.9832,0,4586
26801,0.9418,0.0000,0.000135,0.9824,0,4594
26851,0.9698,0.0000,0.000135,0.9812,0,4603
26901,1.0015,0.0000,0.000134,0.9831,0,4611
26951,0.9662,0.0000,0.000134,0.9827,0,4620
27001,0.9990,0.0000,0.000133,0.9817,0,4628
27051,1.0330,0.0000,0.000133,0.9830,0,4637
27101,0.9939,0.0000,0.000132,0.9829,0,4646
27151,0.9373,0.0000,0.000132,0.9842,0,4654
27201,1.0033,0.0000,0.000131,0.9850,0,4663
27251,0.9829,0.0000,0.000131,0.9837,0,4671
27301,0.9712,0.0000,0.000131,0.9846,0,4680
27351,0.9854,0.0000,0.000130,0.9845,0,4688
27401,0.9577,0.0000,0.000130,0.9837,0,4697
27451,0.9688,0.0000,0.000129,0.9831,0,4706
27501,0.9230,0.0000,0.000129,0.9832,0,4714
27551,0.9830,0.0000,0.000128,0.9841,0,4723
27601,0.9534,0.0000,0.000128,0.9854,0,4731
27651,0.9962,0.0000,0.000127,0.9820,0,4740
27701,1.0042,0.0000,0.000127,0.9833,0,4748
27751,0.9769,0.0000,0.000126,0.9831,0,4757
27801,0.9743,0.0000,0.000126,0.9832,0,4766
27851,0.9505,0.0000,0.000125,0.9844,0,4774
27901,0.9659,0.0000,0.000125,0.9844,0,4783
27951,0.9835,0.0000,0.000124,0.9823,0,4791
28001,0.9945,0.0000,0.000124,0.9827,0,4800
28051,0.9722,0.0000,0.000123,0.9834,0,4808
28101,0.9221,0.0000,0.000123,0.9862,0,4817
28151,0.9267,0.0000,0.000123,0.9844,0,4826
28201,0.9538,0.0000,0.000122,0.9841,0,4834
28251,1.0282,0.0000,0.000122,0.9824,0,4843
28301,0.9568,0.0000,0.000121,0.9839,0,4851
28351,0.9285,0.0000,0.000121,0.9838,0,4860
28401,0.9973,0.0000,0.000120,0.9830,0,4868
28451,0.9437,0.0000,0.000120,0.9841,0,4877
28501,0.9478,0.0000,0.000119,0.9835,0,4886
28551,0.9542,0.0000,0.000119,0.9826,0,4894
28601,0.9532,0.0000,0.000118,0.9828,0,4903
28651,0.9332,0.0000,0.000118,0.9841,0,4911
28701,0.9402,0.0000,0.000117,0.9837,0,4920
28751,0.9717,0.0000,0.000117,0.9833,0,4928
28801,0.9712,0.0000,0.000116,0.9839,0,4937
28851,0.9324,0.0000,0.000116,0.9834,0,4946
28901,0.9717,0.0000,0.000116,0.9828,0,4954
28951,0.9837,0.0000,0.000115,0.9841,0,4963
29001,0.9569,0.0000,0.000115,0.9851,0,4971
29051,0.9386,0.0000,0.000114,0.9836,0,4980
29101,0.9674,0.0000,0.000114,0.9860,0,4988
29151,1.0032,0.0000,0.000113,0.9842,0,4997
29201,0.9780,0.0000,0.000113,0.9842,0,5005
29251,0.9914,0.0000,0.000112,0.9835,0,5014
29301,0.9435,0.0000,0.000112,0.9848,0,5023
29351,0.9402,0.0000,0.000111,0.9842,0,5031
29401,0.9266,0.0000,0.000111,0.9844,0,5040
29451,0.9733,0.0000,0.000110,0.9835,0,5048
29501,0.8881,0.0000,0.000110,0.9848,0,5057
29551,0.9450,0.0000,0.000110,0.9840,0,5065
29601,0.9477,0.0000,0.000109,0.9841,0,5074
29651,0.9772,0.0000,0.000109,0.9829,0,5083
29701,0.9529,0.0000,0.000108,0.9844,0,5091
29751,0.9592,0.0000,0.000108,0.9843,0,5100
29801,0.9446,0.0000,0.000107,0.9835,0,5108
29851,0.9710,0.0000,0.000107,0.9837,0,5117
29901,0.9457,0.0000,0.000106,0.9853,0,5125
29951,0.9630,0.0000,0.000106,0.9845,0,5134
30001,0.9357,0.0000,0.000105,0.9836,0,5143
30051,0.9260,0.0000,0.000105,0.9844,0,5151
30101,0.9346,0.0000,0.000105,0.9843,0,5160
30151,0.9835,0.0000,0.000104,0.9827,0,5168
30201,0.9427,0.0000,0.000104,0.9831,0,5177
30251,0.9304,0.0000,0.000103,0.9834,0,5185
30301,0.9736,0.0000,0.000103,0.9833,0,5194
30351,0.9230,0.0000,0.000102,0.9853,0,5203
30401,0.9231,0.0000,0.000102,0.9852,0,5211
30451,0.9274,0.0000,0.000101,0.9843,0,5220
30501,0.9671,0.0000,0.000101,0.9828,0,5228
30551,0.9126,0.0000,0.000100,0.9837,0,5237
30601,0.9043,0.0000,0.000100,0.9855,0,5245
30651,0.9299,0.0000,0.000100,0.9836,0,5254
30701,0.9107,0.0000,0.000099,0.9850,0,5263
30751,0.9423,0.0000,0.000099,0.9848,0,5271
30801,0.9165,0.0000,0.000098,0.9839,0,5280
30851,0.8879,0.0000,0.000098,0.9848,0,5288
30901,0.9361,0.0000,0.000097,0.9850,0,5297
30951,0.9093,0.0000,0.000097,0.9845,0,5305
31001,0.8898,0.0000,0.000096,0.9838,0,5314
31051,0.9371,0.0000,0.000096,0.9842,0,5323
31101,0.8680,0.0000,0.000096,0.9839,0,5331
31151,0.9159,0.0000,0.000095,0.9833,0,5340
31201,0.9610,0.0000,0.000095,0.9852,0,5348
31251,0.9340,0.0000,0.000094,0.9834,0,5357
31301,0.9390,0.0000,0.000094,0.9832,0,5365
31351,0.9085,0.0000,0.000093,0.9843,0,5374
31401,0.8743,0.0000,0.000093,0.9852,0,5383
31451,0.9344,0.0000,0.000092,0.9839,0,5391
31501,0.9159,0.0000,0.000092,0.9845,0,5400
31551,0.8804,0.0000,0.000092,0.9852,0,5408
31601,0.8885,0.0000,0.000091,0.9847,0,5417
31651,0.9043,0.0000,0.000091,0.9845,0,5425
31701,0.9263,0.0000,0.000090,0.9837,0,5434
31751,0.9455,0.0000,0.000090,0.9850,0,5443
31801,0.9394,0.0000,0.000089,0.9848,0,5451
31851,0.8712,0.0000,0.000089,0.9851,0,5460
31901,0.9100,0.0000,0.000089,0.9833,0,5468
31951,0.8698,0.0000,0.000088,0.9849,0,5477
32001,0.8913,0.0000,0.000088,0.9852,0,5485
32051,0.9596,0.0000,0.000087,0.9826,0,5494
32101,0.9485,0.0000,0.000087,0.9854,0,5503
32151,0.9397,0.0000,0.000086,0.9829,0,5511
32201,0.9137,0.0000,0.000086,0.9853,0,5520
32251,0.8873,0.0000,0.000086,0.9853,0,5528
32301,0.9252,0.0000,0.000085,0.9855,0,5537
32351,0.9306,0.0000,0.000085,0.9858,0,5545
32401,0.8632,0.0000,0.000084,0.9849,0,5554
32451,0.9136,0.0000,0.000084,0.9856,0,5563
32501,0.9148,0.0000,0.000083,0.9849,0,5571
32551,0.8908,0.0000,0.000083,0.9842,0,5580
32601,0.9547,0.0000,0.000083,0.9853,0,5588
32651,0.9280,0.0000,0.000082,0.9844,0,5597
32701,0.8821,0.0000,0.000082,0.9832,0,5605
32751,0.8945,0.0000,0.000081,0.9853,0,5614
32801,0.8652,0.0000,0.000081,0.9856,0,5623
32851,0.9105,0.0000,0.000080,0.9855,0,5631
32901,0.8790,0.0000,0.000080,0.9858,0,5640
32951,0.8827,0.0000,0.000080,0.9846,0,5648
33001,0.8894,0.0000,0.000079,0.9844,0,5657
33051,0.8686,0.0000,0.000079,0.9859,0,5665
33101,0.8840,0.0000,0.000078,0.9861,0,5674
33151,0.8965,0.0000,0.000078,0.9850,0,5683
33201,0.8833,0.0000,0.000077,0.9846,0,5691
33251,0.8724,0.0000,0.000077,0.9854,0,5700
33301,0.8492,0.0000,0.000077,0.9862,0,5708
33351,0.8965,0.0000,0.000076,0.9845,0,5717
33401,0.8837,0.0000,0.000076,0.9845,0,5725
33451,0.9442,0.0000,0.000075,0.9841,0,5734
33501,0.9003,0.0000,0.000075,0.9853,0,5742
33551,0.8830,0.0000,0.000075,0.9851,0,5751
33601,0.8789,0.0000,0.000074,0.9863,0,5760
33651,0.8898,0.0000,0.000074,0.9832,0,5768
33701,0.9067,0.0000,0.000073,0.9842,0,5777
33751,0.8445,0.0000,0.000073,0.9857,0,5785
33801,0.8965,0.0000,0.000073,0.9862,0,5794
33851,0.8610,0.0000,0.000072,0.9862,0,5802
33901,0.8729,0.0000,0.000072,0.9853,0,5811
33951,0.8436,0.0000,0.000071,0.9850,0,5820
34001,0.8448,0.0000,0.000071,0.9859,0,5828
34051,0.8881,0.0000,0.000071,0.9846,0,5837
34101,0.8810,0.0000,0.000070,0.9839,0,5845
34151,0.8191,0.0000,0.000070,0.9851,0,5854
34201,0.9029,0.0000,0.000069,0.9838,0,5862
34251,0.9025,0.0000,0.000069,0.9849,0,5871
34301,0.9059,0.0000,0.000069,0.9846,0,5880
34351,0.8536,0.0000,0.000068,0.9866,0,5888
34401,0.9063,0.0000,0.000068,0.9853,0,5897
34451,0.8281,0.0000,0.000067,0.9872,0,5905
34501,0.8865,0.0000,0.000067,0.9852,0,5914
34551,0.8875,0.0000,0.000067,0.9855,0,5922
34601,0.9027,0.0000,0.000066,0.9853,0,5931
34651,0.8680,0.0000,0.000066,0.9857,0,5940
34701,0.8876,0.0000,0.000065,0.9841,0,5948
34751,0.9003,0.0000,0.000065,0.9836,0,5957
34801,0.8718,0.0000,0.000065,0.9862,0,5965
34851,0.8942,0.0000,0.000064,0.9850,0,5974
34901,0.8539,0.0000,0.000064,0.9863,0,5982
34951,0.8557,0.0000,0.000063,0.9855,0,5991
35001,0.8316,0.0000,0.000063,0.9859,0,6000
35051,0.8981,0.0000,0.000063,0.9855,0,6008
35101,0.8698,0.0000,0.000062,0.9852,0,6017
35151,0.8696,0.0000,0.000062,0.9851,0,6025
35201,0.9096,0.0000,0.000061,0.9845,0,6034
35251,0.8570,0.0000,0.000061,0.9847,0,6042
35301,0.8605,0.0000,0.000061,0.9852,0,6051
35351,0.8926,0.0000,0.000060,0.9854,0,6060
35401,0.8885,0.0000,0.000060,0.9844,0,6068
35451,0.8993,0.0000,0.000060,0.9860,0,6077
35501,0.8350,0.0000,0.000059,0.9850,0,6085
35551,0.8638,0.0000,0.000059,0.9845,0,6094
35601,0.8428,0.0000,0.000058,0.9865,0,6102
35651,0.8614,0.0000,0.000058,0.9855,0,6111
35701,0.8727,0.0000,0.000058,0.9853,0,6120
35751,0.8488,0.0000,0.000057,0.9863,0,6128
35801,0.8355,0.0000,0.000057,0.9875,0,6137
35851,0.8577,0.0000,0.000057,0.9860,0,6145
35901,0.8924,0.0000,0.000056,0.9858,0,6154
35951,0.8457,0.0000,0.000056,0.9852,0,6162
36001,0.8678,0.0000,0.000055,0.9850,0,6171
36051,0.8359,0.0000,0.000055,0.9856,0,6180
36101,0.8282,0.0000,0.000055,0.9860,0,6188
36151,0.8622,0.0000,0.000054,0.9854,0,6197
36201,0.8618,0.0000,0.000054,0.9857,0,6205
36251,0.8661,0.0000,0.000054,0.9849,0,6214
36301,0.8530,0.0000,0.000053,0.9854,0,6222
36351,0.8378,0.0000,0.000053,0.9856,0,6231
36401,0.8479,0.0000,0.000052,0.9862,0,6240
36451,0.8325,0.0000,0.000052,0.9848,0,6248
36501,0.8723,0.0000,0.000052,0.9854,0,6257
36551,0.9308,0.0000,0.000051,0.9865,0,6265
36601,0.8835,0.0000,0.000051,0.9854,0,6274
36651,0.8665,0.0000,0.000051,0.9853,0,6282
36701,0.8053,0.0000,0.000050,0.9868,0,6291
36751,0.8662,0.0000,0.000050,0.9867,0,6300
36801,0.8623,0.0000,0.000050,0.9849,0,6308
36851,0.8901,0.0000,0.000049,0.9859,0,6317
36901,0.8431,0.0000,0.000049,0.9855,0,6325
36951,0.8194,0.0000,0.000049,0.9853,0,6334
37001,0.8146,0.0000,0.000048,0.9861,0,6342
37051,0.8485,0.0000,0.000048,0.9854,0,6351
37101,0.8466,0.0000,0.000048,0.9865,0,6359
37151,0.8656,0.0000,0.000047,0.9867,0,6368
37201,0.8528,0.0000,0.000047,0.9860,0,6377
37251,0.8456,0.0000,0.000046,0.9857,0,6385
37301,0.8274,0.0000,0.000046,0.9854,0,6394
37351,0.8113,0.0000,0.000046,0.9865,0,6402
37401,0.8437,0.0000,0.000045,0.9860,0,6411
37451,0.8539,0.0000,0.000045,0.9868,0,6419
37501,0.8391,0.0000,0.000045,0.9854,0,6428
37551,0.8492,0.0000,0.000044,0.9868,0,6437
37601,0.8210,0.0000,0.000044,0.9854,0,6445
37651,0.8337,0.0000,0.000044,0.9841,0,6454
37701,0.8297,0.0000,0.000043,0.9847,0,6462
37751,0.8335,0.0000,0.000043,0.9873,0,6471
37801,0.8552,0.0000,0.000043,0.9867,0,6479
37851,0.8369,0.0000,0.000042,0.9855,0,6488
37901,0.8006,0.0000,0.000042,0.9864,0,6497
37951,0.8733,0.0000,0.000042,0.9853,0,6505
38001,0.8410,0.0000,0.000041,0.9861,0,6514
38051,0.8327,0.0000,0.000041,0.9862,0,6522
38101,0.8756,0.0000,0.000041,0.9843,0,6531
38151,0.8219,0.0000,0.000040,0.9872,0,6539
38201,0.8104,0.0000,0.000040,0.9857,0,6548
38251,0.8619,0.0000,0.000040,0.9849,0,6557
38301,0.8198,0.0000,0.000039,0.9860,0,6565
38351,0.8337,0.0000,0.000039,0.9859,0,6574
38401,0.8718,0.0000,0.000039,0.9852,0,6582
38451,0.8294,0.0000,0.000039,0.9861,0,6591
38501,0.8264,0.0000,0.000038,0.9855,0,6599
38551,0.8278,0.0000,0.000038,0.9848,0,6608
38601,0.8557,0.0000,0.000038,0.9851,0,6617
38651,0.8152,0.0000,0.000037,0.9856,0,6625
38701,0.8466,0.0000,0.000037,0.9858,0,6634
38751,0.8256,0.0000,0.000037,0.9847,0,6642
38801,0.8312,0.0000,0.000036,0.9857,0,6651
38851,0.8632,0.0000,0.000036,0.9858,0,6659
38901,0.8236,0.0000,0.000036,0.9866,0,6668
38951,0.8623,0.0000,0.000035,0.9851,0,6677
39001,0.8044,0.0000,0.000035,0.9865,0,6685
39051,0.8023,0.0000,0.000035,0.9863,0,6694
39101,0.8331,0.0000,0.000034,0.9861,0,6702
39151,0.8860,0.0000,0.000034,0.9853,0,6711
39201,0.8095,0.0000,0.000034,0.9859,0,6719
39251,0.8465,0.0000,0.000034,0.9847,0,6728
39301,0.8328,0.0000,0.000033,0.9853,0,6737
39351,0.8495,0.0000,0.000033,0.9865,0,6745
39401,0.8057,0.0000,0.000033,0.9851,0,6754
39451,0.8446,0.0000,0.000032,0.9863,0,6762
39501,0.8420,0.0000,0.000032,0.9853,0,6771
39551,0.8257,0.0000,0.000032,0.9868,0,6779
39601,0.8589,0.0000,0.000032,0.9859,0,6788
39651,0.8170,0.0000,0.000031,0.9848,0,6797
39701,0.8285,0.0000,0.000031,0.9863,0,6805
39751,0.8372,0.0000,0.000031,0.9860,0,6814
39801,0.8064,0.0000,0.000030,0.9860,0,6822
39851,0.8044,0.0000,0.000030,0.9869,0,6831
39901,0.8208,0.0000,0.000030,0.9873,0,6839
39951,0.8114,0.0000,0.000030,0.9865,0,6848
40001,0.8389,0.0000,0.000030,0.9848,0,6857
40051,0.8411,0.0000,0.000030,0.9864,0,6865
40101,0.8194,0.0000,0.000030,0.9867,0,6874
40151,0.7908,0.0000,0.000030,0.9861,0,6882
40201,0.8240,0.0000,0.000030,0.9856,0,6891
40251,0.7989,0.0000,0.000030,0.9864,0,6899
40301,0.8184,0.0000,0.000030,0.9863,0,6908
40351,0.8661,0.0000,0.000030,0.9864,0,6917
40401,0.8420,0.0000,0.000030,0.9868,0,6925
40451,0.8132,0.0000,0.000030,0.9860,0,6934
40501,0.8536,0.0000,0.000030,0.9872,0,6942
40551,0.8335,0.0000,0.000030,0.9858,0,6951
40601,0.7894,0.0000,0.000030,0.9871,0,6959
40651,0.8090,0.0000,0.000030,0.9876,0,6968
40701,0.7878,0.0000,0.000030,0.9866,0,6977
40751,0.8360,0.0000,0.000030,0.9868,0,6985
40801,0.8295,0.0000,0.000030,0.9866,0,6994
40851,0.8242,0.0000,0.000030,0.9868,0,7002
40901,0.8186,0.0000,0.000030,0.9863,0,7011
40951,0.8510,0.0000,0.000030,0.9858,0,7019
41001,0.8275,0.0000,0.000030,0.9872,0,7028
41051,0.8216,0.0000,0.000030,0.9867,0,7037
41101,0.8311,0.0000,0.000030,0.9855,0,7045
41151,0.8328,0.0000,0.000030,0.9864,0,7054
41201,0.8414,0.0000,0.000030,0.9864,0,7062
41251,0.8032,0.0000,0.000030,0.9851,0,7071
41301,0.8054,0.0000,0.000030,0.9862,0,7079
41351,0.8218,0.0000,0.000030,0.9868,0,7088
41401,0.8111,0.0000,0.000030,0.9866,0,7097
41451,0.7921,0.0000,0.000030,0.9863,0,7105
41501,0.7855,0.0000,0.000030,0.9867,0,7114
41551,0.8456,0.0000,0.000030,0.9865,0,7122
41601,0.8615,0.0000,0.000030,0.9868,0,7131
41651,0.8214,0.0000,0.000030,0.9863,0,7139
41701,0.8049,0.0000,0.000030,0.9870,0,7148
41751,0.8461,0.0000,0.000030,0.9864,0,7157
41801,0.8160,0.0000,0.000030,0.9862,0,7165
41851,0.8611,0.0000,0.000030,0.9857,0,7174
41901,0.8196,0.0000,0.000030,0.9860,0,7182
41951,0.8209,0.0000,0.000030,0.9866,0,7191
42001,0.8205,0.0000,0.000030,0.9868,0,7199
42051,0.8025,0.0000,0.000030,0.9867,0,7208
42101,0.8310,0.0000,0.000030,0.9875,0,7217
42151,0.8072,0.0000,0.000030,0.9861,0,7225
42201,0.8503,0.0000,0.000030,0.9878,0,7234
42251,0.8189,0.0000,0.000030,0.9880,0,7242
42301,0.8403,0.0000,0.000030,0.9859,0,7251
42351,0.7867,0.0000,0.000030,0.9860,0,7259
42401,0.8192,0.0000,0.000030,0.9864,0,7268
42451,0.8274,0.0000,0.000030,0.9847,0,7277
42501,0.8442,0.0000,0.000030,0.9859,0,7285
42551,0.8067,0.0000,0.000030,0.9869,0,7294
42601,0.8135,0.0000,0.000030,0.9867,0,7302
42651,0.8078,0.0000,0.000030,0.9871,0,7311
42701,0.7880,0.0000,0.000030,0.9861,0,7319
42751,0.8370,0.0000,0.000030,0.9862,0,7328
42801,0.8069,0.0000,0.000030,0.9864,0,7337
42851,0.8053,0.0000,0.000030,0.9865,0,7345
42901,0.8521,0.0000,0.000030,0.9852,0,7354
42951,0.8058,0.0000,0.000030,0.9869,0,7362
43001,0.8409,0.0000,0.000030,0.9866,0,7371
43051,0.8065,0.0000,0.000030,0.9860,0,7379
43101,0.7779,0.0000,0.000030,0.9867,0,7388
43151,0.8139,0.0000,0.000030,0.9864,0,7397
43201,0.7943,0.0000,0.000030,0.9867,0,7405
43251,0.7837,0.0000,0.000030,0.9870,0,7414
43301,0.8357,0.0000,0.000030,0.9862,0,7422
43351,0.7713,0.0000,0.000030,0.9865,0,7431
43401,0.8144,0.0000,0.000030,0.9867,0,7439
43451,0.8218,0.0000,0.000030,0.9858,0,7448
43501,0.8265,0.0000,0.000030,0.9868,0,7457
43551,0.8126,0.0000,0.000030,0.9860,0,7465
43601,0.8076,0.0000,0.000030,0.9863,0,7474
43651,0.8285,0.0000,0.000030,0.9860,0,7482
43701,0.7892,0.0000,0.000030,0.9869,0,7491
43751,0.8172,0.0000,0.000030,0.9862,0,7499
43801,0.8138,0.0000,0.000030,0.9870,0,7508
43851,0.7887,0.0000,0.000030,0.9866,0,7517
43901,0.7984,0.0000,0.000030,0.9869,0,7525
43951,0.8152,0.0000,0.000030,0.9860,0,7534
44001,0.8153,0.0000,0.000030,0.9861,0,7542
44051,0.7890,0.0000,0.000030,0.9862,0,7551
44101,0.8109,0.0000,0.000030,0.9873,0,7559
44151,0.8229,0.0000,0.000030,0.9865,0,7568
44201,0.7882,0.0000,0.000030,0.9867,0,7577
44251,0.8599,0.0000,0.000030,0.9861,0,7585
44301,0.8101,0.0000,0.000030,0.9858,0,7594
44351,0.8102,0.0000,0.000030,0.9855,0,7602
44401,0.8014,0.0000,0.000030,0.9865,0,7611
44451,0.7801,0.0000,0.000030,0.9865,0,7619
44501,0.8161,0.0000,0.000030,0.9872,0,7628
44551,0.8308,0.0000,0.000030,0.9858,0,7637
44601,0.8028,0.0000,0.000030,0.9862,0,7645
44651,0.8208,0.0000,0.000030,0.9867,0,7654
44701,0.8148,0.0000,0.000030,0.9865,0,7662
44751,0.7804,0.0000,0.000030,0.9867,0,7671
44801,0.8340,0.0000,0.000030,0.9864,0,7679
44851,0.8220,0.0000,0.000030,0.9858,0,7688
44901,0.8098,0.0000,0.000030,0.9866,0,7697
44951,0.7788,0.0000,0.000030,0.9871,0,7705
45001,0.7972,0.0000,0.000030,0.9870,0,7714
45051,0.8104,0.0000,0.000030,0.9875,0,7722
45101,0.8395,0.0000,0.000030,0.9865,0,7731
45151,0.7868,0.0000,0.000030,0.9870,0,7739
45201,0.7611,0.0000,0.000030,0.9873,0,7748
45251,0.8124,0.0000,0.000030,0.9862,0,7757
45301,0.8432,0.0000,0.000030,0.9866,0,7765
45351,0.8185,0.0000,0.000030,0.9868,0,7774
45401,0.8177,0.0000,0.000030,0.9859,0,7782
45451,0.8309,0.0000,0.000030,0.9864,0,7791
45501,0.8202,0.0000,0.000030,0.9865,0,7799
45551,0.8095,0.0000,0.000030,0.9870,0,7808
45601,0.7746,0.0000,0.000030,0.9862,0,7816
45651,0.7965,0.0000,0.000030,0.9850,0,7825
45701,0.8118,0.0000,0.000030,0.9860,0,7834
45751,0.8229,0.0000,0.000030,0.9866,0,7842
45801,0.8104,0.0000,0.000030,0.9864,0,7851
45851,0.8109,0.0000,0.000030,0.9873,0,7859
45901,0.8198,0.0000,0.000030,0.9861,0,7868
45951,0.7920,0.0000,0.000030,0.9856,0,7876
46001,0.7852,0.0000,0.000030,0.9857,0,7885
46051,0.7896,0.0000,0.000030,0.9875,0,7894
46101,0.8059,0.0000,0.000030,0.9871,0,7902
46151,0.8287,0.0000,0.000030,0.9860,0,7911
46201,0.8071,0.0000,0.000030,0.9855,0,7919
46251,0.7871,0.0000,0.000030,0.9864,0,7928
46301,0.7910,0.0000,0.000030,0.9866,0,7936
46351,0.8037,0.0000,0.000030,0.9861,0,7945
46401,0.7956,0.0000,0.000030,0.9876,0,7954
46451,0.7864,0.0000,0.000030,0.9860,0,7962
46501,0.8197,0.0000,0.000030,0.9866,0,7971
46551,0.7984,0.0000,0.000030,0.9852,0,7979
46601,0.7928,0.0000,0.000030,0.9862,0,7988
46651,0.8197,0.0000,0.000030,0.9866,0,7996
46701,0.8295,0.0000,0.000030,0.9863,0,8005
46751,0.7878,0.0000,0.000030,0.9870,0,8014
46801,0.7671,0.0000,0.000030,0.9863,0,8022
46851,0.7985,0.0000,0.000030,0.9872,0,8031
46901,0.7928,0.0000,0.000030,0.9868,0,8039
46951,0.7884,0.0000,0.000030,0.9850,0,8048
47001,0.7766,0.0000,0.000030,0.9875,0,8056
47051,0.8357,0.0000,0.000030,0.9863,0,8065
47101,0.7973,0.0000,0.000030,0.9878,0,8074
47151,0.7997,0.0000,0.000030,0.9863,0,8082
47201,0.7979,0.0000,0.000030,0.9862,0,8091
47251,0.8348,0.0000,0.000030,0.9858,0,8099
47301,0.7794,0.0000,0.000030,0.9857,0,8108
47351,0.8069,0.0000,0.000030,0.9849,0,8116
47401,0.7503,0.0000,0.000030,0.9865,0,8125
47451,0.7903,0.0000,0.000030,0.9872,0,8134
47501,0.7906,0.0000,0.000030,0.9858,0,8142
47551,0.8327,0.0000,0.000030,0.9863,0,8151
47601,0.8206,0.0000,0.000030,0.9865,0,8159
47651,0.7998,0.0000,0.000030,0.9866,0,8168
47701,0.8435,0.0000,0.000030,0.9870,0,8176
47751,0.7861,0.0000,0.000030,0.9856,0,8185
47801,0.8016,0.0000,0.000030,0.9859,0,8194
47851,0.8183,0.0000,0.000030,0.9852,0,8202
47901,0.8024,0.0000,0.000030,0.9861,0,8211
47951,0.8115,0.0000,0.000030,0.9860,0,8219
48001,0.8042,0.0000,0.000030,0.9873,0,8228
48051,0.7925,0.0000,0.000030,0.9861,0,8236
48101,0.7717,0.0000,0.000030,0.9867,0,8245
48151,0.8221,0.0000,0.000030,0.9866,0,8254
48201,0.7869,0.0000,0.000030,0.9872,0,8262
48251,0.7913,0.0000,0.000030,0.9871,0,8271
48301,0.7781,0.0000,0.000030,0.9864,0,8279
48351,0.8027,0.0000,0.000030,0.9867,0,8288
48401,0.7927,0.0000,0.000030,0.9854,0,8296
48451,0.8064,0.0000,0.000030,0.9868,0,8305
48501,0.7649,0.0000,0.000030,0.9871,0,8314
48551,0.7899,0.0000,0.000030,0.9867,0,8322
48601,0.7754,0.0000,0.000030,0.9872,0,8331
48651,0.8010,0.0000,0.000030,0.9869,0,8339
48701,0.7809,0.0000,0.000030,0.9864,0,8348
48751,0.8104,0.0000,0.000030,0.9861,0,8356
48801,0.7943,0.0000,0.000030,0.9860,0,8365
48851,0.8017,0.0000,0.000030,0.9868,0,8374
48901,0.8209,0.0000,0.000030,0.9856,0,8382
48951,0.7887,0.0000,0.000030,0.9860,0,8391
49001,0.7932,0.0000,0.000030,0.9866,0,8399
49051,0.7993,0.0000,0.000030,0.9867,0,8408
49101,0.8123,0.0000,0.000030,0.9865,0,8416
49151,0.7999,0.0000,0.000030,0.9865,0,8425
49201,0.7942,0.0000,0.000030,0.9854,0,8433
49251,0.7689,0.0000,0.000030,0.9857,0,8442
49301,0.8177,0.0000,0.000030,0.9851,0,8451
49351,0.8134,0.0000,0.000030,0.9862,0,8459
49401,0.8122,0.0000,0.000030,0.9858,0,8468
49451,0.7759,0.0000,0.000030,0.9866,0,8476
49501,0.7719,0.0000,0.000030,0.9860,0,8485
49551,0.7773,0.0000,0.000030,0.9864,0,8493
49601,0.8321,0.0000,0.000030,0.9863,0,8502
49651,0.8411,0.0000,0.000030,0.9859,0,8511
49701,0.8052,0.0000,0.000030,0.9866,0,8519
49751,0.7871,0.0000,0.000030,0.9879,0,8528
49801,0.7962,0.0000,0.000030,0.9871,0,8536
49851,0.8023,0.0000,0.000030,0.9862,0,8545
49901,0.7894,0.0000,0.000030,0.9865,0,8553
49951,0.7718,0.0000,0.000030,0.9865,0,8562
50000,0.7994,0.0000,0.000030,0.9874,0,8570
